music_alias,music_name,music_rating,music_singer,music_tags,music_time,music_url,music_votes
《琉璃》电视剧插曲,千年之恋,8.2,双笙,琉璃|仙侠|OST|双笙|影视原声|古装|2020|大陆,2020-08-11,https://music.douban.com/subject/35179473/,285
,Brahms: Works for Solo Piano,9.1,Julius Katchen|Jean-Pierre Marty,Brahms|Katchen|piano|Classical|钢琴|CLASSICAL|古典|浪漫主义,1997-09-01,https://music.douban.com/subject/1440478/,222
蕭邦：夜曲輯 (皮耶絲),Maria João Pires - Chopin · The Nocturnes,8.9,玛利亚·胡奥·皮尔斯  Maria João Pires,Chopin|classical|piano|pires|Classical|古典|肖邦|Pires,1996,https://music.douban.com/subject/1415125/,566
,I Want to Hold Your Hand,9.3,The Beatles,TheBeatles|英国|Rock|beatles|Beatles|1960s|欧美|Single,1963,https://music.douban.com/subject/1873595/,287
,When You Believe,9.6,Whitney Houston|Mariah Carey,WhitneyHouston|MariahCarey|OST|欧美|电影原声|美国|Pop|流行,1999-01-05,https://music.douban.com/subject/1441836/,1843
,Head Above Water,7.7,艾薇儿·拉维尼 Avril Lavigne,avrillavigne|欧美|2018|！值得循环！|pop|流行|加拿大|单曲,2018-09-19,https://music.douban.com/subject/30322723/,3469
,Wiseman,9.1,James Blunt,James.Blunt|jamesBlunt|英伦|pop|英国|英伦摇滚|JamesBlunt|欧美,2005-07-12,https://music.douban.com/subject/1465656/,1572
Live @ London 1970.9.16,Pink is the Pig,8.4,Pink Floyd,PinkFloyd|英国|Psychedelic|Live|Rock|摇滚|迷幻|1990,1990,https://music.douban.com/subject/4729127/,431
,La Biographie De Luka Philipsen,8.7,Keren Ann,KerenAnn|法国|Folk|民谣|Indie|folk|Keren|2000,2000-10-24,https://music.douban.com/subject/7046847/,76
"“Local Anaesthetic"" from Nirvana (UK band)",Local Anaesthetic,7.7,Nirvana,Psychedelic|迷幻|Nirvana|1971|xjc_jovi|Repertoire|Nirvana(UK)|N,1971,https://music.douban.com/subject/1476578/,13
,"Cannonball, Pt. 1",9.2,Damien Rice,DamienRice|Folk|爱尔兰|indie|民谣|Damien_Rice|欧美|Damien,2004-07-12,https://music.douban.com/subject/1462233/,1732
,Lose Yourself,9.6,Eminem,Eminem|rap|eminem|美国|欧美|Hip-hop|Hip-Hop|Pop,2002-12-02,https://music.douban.com/subject/5917167/,415
,Time Flies... 1994-2009,9.4,Oasis,Oasis|Britpop|英伦|英国|Rock|brit-pop|2010|精选,2010-06-14,https://music.douban.com/subject/4744690/,5982
,適婚的年齡,9.8,MLA,香港|mylittleairport|粤语|2014|MyLittleAirport|2010s|小飞机场|mla,2014-10-04,https://music.douban.com/subject/35221493/,149
,Meteora,9.4,Linkin Park,LinkinPark|摇滚|林肯公园|2003|金属|Meteora|Rock|欧美歌手,2003-03-25,https://music.douban.com/subject/20275201/,157
美式小笨瓜,青葱岁月greenday:美式笨瓜(格莱美最佳摇滚专辑),9.4,青葱岁月 (Green Day),GreenDay|punk|摇滚|绿日|朋克|欧美|有灵魂的歌。|Rock,,https://music.douban.com/subject/6543975/,656
,桜の木になろう(初回限定盤Type-B)(DVD付),8.4,AKB48,AKB48|日本|J-Pop|桜の木になろう|JPOP|2011|日语|日本音乐,2011-02-16,https://music.douban.com/subject/5402211/,909
,爱殇,9.2,小时,古风|东宫|爱殇|虐|小时|影视原声|华语|OST,2017-02-14,https://music.douban.com/subject/33410516/,2049
,,,,,,,
,,,,,,,
,,,,,,,
,,,,,,,
,,,,,,,
,,,,,,,
The Best of the Pink Floyd,Masters of Rock,8.8,Pink Floyd,PinkFloyd|Psychedelic|摇滚|英国|UK|rock|ArtRock|合辑,1970,https://music.douban.com/subject/4229058/,92
,101,8.1,KEREN ANN,KerenAnn|Folk|法国|民谣|Indie|欧美|女声|2011,2011-03-07,https://music.douban.com/subject/6021690/,257
,Invitation,7.5,Milt Jackson Sextet,Jazz|OJC|爵士|ojc|Vibraphone/MarimbaJazz|MiltJackson|OriginalJazzClassics|Milt,1991-07-01,https://music.douban.com/subject/3167399/,17
,,,,,,,
,,,,,,,
,,,,,,,
G Spot,网络安全隐患,8.4,莎妮妮 Serrini,香港|Serrini|粤语|2020|单曲|Indie|single|Folk,2020-06-05,https://music.douban.com/subject/35089474/,92
,Reanimation,8.9,Linkin Park,LinkinPark|Rock|美国|electronic|摇滚|欧美|林肯公园|metal,2002-07-29,https://music.douban.com/subject/6062495/,119
,,,,,,,
,,,,,,,
,,,,,,,
,,,,,,,
,,,,,,,
,,,,,,,
,,,,,,,
电视剧《媚者无疆》片头曲,一生等你,8.2,袁娅维,袁娅维|媚者无疆|古风|影视原声|抒情|电视剧OST|OST|2018,2018-07-27,https://music.douban.com/subject/30282791/,1016
电视剧《香蜜沉沉烬如霜》主题曲,不染,8.4,毛不易,毛不易|香蜜沉沉烬如霜|古风|好听|不染|电视剧原声|影视配乐|华语,2018-02-10,https://music.douban.com/subject/30144673/,20410
,From Abbey Road to Britannia Row,7.8,Pink Floyd,PinkFloyd|英国|Progressive-Rock|合辑|前衛迷幻noise|摇滚|咖啡|★★★☆☆,2014-12-07,https://music.douban.com/subject/26310193/,22
,Live On Kcrw Radio Show ''Morning Becomes Eclectic'',8.7,Keren Ann,KerenAnn|Folk|法国|Live|Indie|女声|2005|欧美,"Sep26,2005",https://music.douban.com/subject/5376592/,67
,Junior Mance Trio at the Village Vanguard,8.1,Junior Mance,ojc|jazz|Soul-Jazz|MainstreamJazz|Jazzland|Jazz-Piano-Trio|Jazz|OJC,1961,https://music.douban.com/subject/2996188/,14
,Live at Newport,8.7,John Lee Hooker,Blues|Vanguard|Live|JohnLeeHooker|DeltaBlues|CountryBlues|欧美|JukeJointBlues,2002-04-02,https://music.douban.com/subject/3309145/,21
,Jazz in Hollywood,8.0,Herbie Harper,OJC|Jazz|ojc|酷派爵士|绝色放|爵士|HerbieHarper|H,1997-10-21,https://music.douban.com/subject/3098243/,14
,Tour De Force,8.1,Sonny Rollins,jazz|ojc|Jazz|爵士|SonnyRollins|OJC|Hard-Bop|硬波谱,1956,https://music.douban.com/subject/2133372/,40
,在寻找什么,7.5,李拾壹 Subyub,李拾壹|粤语|Single|2020|香港|Cantopop|廣東歌|HK,2020-02-12,https://music.douban.com/subject/34967500/,19
,,,,,,,
,A Light That Never Comes (Remixes),6.8,林肯公园 Linkin Park,LinkinPark|Rock|Electronic|美国|2014|Single|Nu-Metal|EP,2014-01-17,https://music.douban.com/subject/25818183/,35
,Crawling,9.3,Linkin Park,LinkinPark|欧美|park|linkin|Rock|LP|2001|美国,2001-04-24,https://music.douban.com/subject/3711849/,63
,No Roads Left,8.6,Linkin Park,LinkinPark|Single/EP|Nu-Metal|美国|男声|单曲|linkinpark|Rock,2007-05-15,https://music.douban.com/subject/5293140/,23
,Linkin Park Reanimation Dual Disc,9.4,,LinkinPark|摇滚|Rock|金属|美国|混音|林肯公园|Nu-Metal,,https://music.douban.com/subject/3711847/,233
,Live in Texas CD/Dvd,9.9,Linkin Park,LinkinPark|美国|US|Live|英文|live|Pop,2008-01-13,https://music.douban.com/subject/3348117/,41
,Somewhere I Belong,9.1,Linkin Park,LinkinPark|2003|Pop|美国|Park|林肯公园|metal|Nu-Metal,2003,https://music.douban.com/subject/5254759/,64
,We Made It,8.8,Busta Rhymes|Linkin Park,LinkinPark|美国|林肯公园|BustaRhymes|2008|Vincent|Single|Rock,2008-07-29,https://music.douban.com/subject/3909591/,19
,墙身有裂,6.9,黄妍,香港|粤语|Single|2020|HK|黄妍|女声|Pop,2020-05-15,https://music.douban.com/subject/35068774/,16
One Second,一秒,7.6,林欣彤 Mag Lam,2019|香港|粵語|粤语|林欣彤|single|港乐|Single,2019-10-23,https://music.douban.com/subject/34870347/,20
,Whoa.,9.0,GTB,2019|香港|粤语|HK|GTB|女声|Rap|2010's,2019-12-20,https://music.douban.com/subject/34925142/,32
,我的片单,7.9,Zpecial,粤语|Single|2020|香港|HK|港樂|港乐|廣東歌,2020-04-24,https://music.douban.com/subject/35047547/,18
Handsome Guys,我们很帅,7.9,ERROR,组合|Error|粤语|Single|2020|香港|造星仔仔|廣東歌,2020-04-04,https://music.douban.com/subject/35019490/,18
,人间有爱,7.7,R.O.O.T,粤语|2020|香港|Indie-Pop|HK|廣東歌|单曲|single,2020-05-22,https://music.douban.com/subject/35087133/,15
,百毒不侵,8.9,橡皮筋乐队 RubberBand,粤语|Single|HK|2020|香港|港乐|band|RubberBand,2020-06-24,https://music.douban.com/subject/35116947/,16
,越活越惹祸,8.3,莎妮妮 Serrini,2020|粤语|Single|Serrini|香港|HK|讽刺|政治,2020-07-01,https://music.douban.com/subject/35118303/,37
,離原,8.4,莎妮妮 Serrini,2020|Serrini|香港|HK|粤语|单曲|Single|港乐,2020-08-14,https://music.douban.com/subject/35177313/,49
,Marshall Texas Is My Home,7.8,Floyd Dixon,Blues|PianoBlues|网易云|WestCoastBlues|SpecialtyRecords|RegionalBlues|Piano-Blues|JumpBlues,1991,https://music.douban.com/subject/3069001/,16
,Alone with My Friends,7.6,Memphis Slim,blues|OBC|Piano-Blues|Blues|obc|R&B|PianoBlues|OriginalBluesClassics,1996-06-25,https://music.douban.com/subject/2071046/,18
,Rex Stewart and the Ellingtonians,8.0,Rex Stewart and the Ellingtonians,jazz|OJC|Swing|Riverside|Jazz|欧美|ojc|TrumpetJazz,1991-07-01,https://music.douban.com/subject/3415585/,14
Davis与颤音琴演奏家Milt Jackson 在55年合作录制的专辑,Miles Davis and Milt Jackson Quintet/Sextet,8.3,Miles Davis and Milt Jackson,JAZZ|爵士|OJC|Miles_Davis|Jazz|HardBop|ojc|miles,1991-07-01,https://music.douban.com/subject/1763617/,41
,Barry Harris at the Jazz Workshop,8.0,Barry Harris,jazz|Jazz|OJC|BarryHarris|爵士|ojc|美国|欧美,1991-07-01,https://music.douban.com/subject/2040737/,39
,The DeJohnette Complex,7.1,Jack DeJohnette,Jazz|OJC|美国|ojc|jazz|Post-Bop|Milestone|1969,1991,https://music.douban.com/subject/3021739/,16
,Nolita 诺莉塔,8.6,KEREN ANN,Keren.Ann|KerenAnn|Folk|法国|Indie|民谣|诺莉塔|法语,,https://music.douban.com/subject/3255200/,208
,Live Session (iTunes Exclusive),8.5,Keren Ann,KerenAnn|Folk|法国|Live|民谣|欧美|女声|2007,2007-09-25,https://music.douban.com/subject/5244649/,131
露卡菲利普松傳記,La Biographie de Luka Philipsen,8.4,Keren Ann,KerenAnn|法国|Folk|indie|女声|民谣|欧美|Jazz,2000-05-15,https://music.douban.com/subject/3836398/,128
,Wreck Of The Day,8.4,Anna Nalick,Pop|Yomé|AnnaNalick,2005-07-11,https://music.douban.com/subject/3829547/,11
,101,8.4,Keren Ann,KerenAnn|Folk|法国|女声|indie|欧美|民谣|女歌手,2011-04-04,https://music.douban.com/subject/5995569/,126
,Tonite Let's All Make Love in London,8.3,Pink Floyd,PinkFloyd|Psychedelic|英国|OST|英伦摇滚|摇滚|SpaceRock|Rock,1994-08-18,https://music.douban.com/subject/1814004/,92
,A Collection of Great Dance Songs,8.5,Pink Floyd,PinkFloyd|Psychedelic|英国|摇滚|迷幻|Rock|Pink_Floyd|UK,2000-04-25,https://music.douban.com/subject/1468218/,414
,Shine on,8.9,Pink Floyd,PinkFloyd|Live|Psychedelic|没到火候|Rock|Psychedelic-rock|Progressive-Rock|迷幻,1992-11-09,https://music.douban.com/subject/1777252/,32
,Works,8.7,Pink Floyd,PinkFloyd|Psychedelic|英国|摇滚|迷幻|UK|Rock|Pink_Floyd,1990,https://music.douban.com/subject/1465139/,304
,A Saucerful of Secrets,9.9,Pink Floyd,迷幻|英国|rock|PinkFloyd|psychedelic,2001-05-16,https://music.douban.com/subject/3450295/,10
《遇龙》主题曲,遇萤,8.5,CRITTY,古风|橙光|游戏|华语|CRITTY|国语|想念之诗。|2018,2015-06-03,https://music.douban.com/subject/27168968/,590
,山有木兮,8.3,橙光音乐,古风|歌好听，词有诗意|意境美|伦桑|橙光|单曲|华语|流行,2017-10-16,https://music.douban.com/subject/27616517/,3045
,典狱司,8.7,音频怪物,古风|戏腔|音频怪物|故事感|老妖|华语|江岸词很棒|国剧主题曲,2016-08-01,https://music.douban.com/subject/26872305/,2174
电视剧《香蜜沉沉烬如霜》片尾曲,左手指月,8.8,萨顶顶,萨顶顶|香蜜沉沉烬如霜|高音|电视剧原声|华语音乐|华语|OST|电视剧,2018-03-19,https://music.douban.com/subject/30171738/,6445
,牵丝戏,8.7,银临,古风|戏腔|银临|Aki阿杰|柔情细语|华语|国语|木偶,2015年01月27日,https://music.douban.com/subject/26585875/,4724
,山外小楼夜听雨,8.3,任然,古风|任然|华语|女声|女歌手|国语|中国|流行,2016-01-15,https://music.douban.com/subject/33409087/,1122
,锦鲤抄,8.7,银临|云の泣,古风|银临|中国风|凄美|女声|云の泣|华语|爱情,2013-04-09,https://music.douban.com/subject/30401528/,2571
,东宫 电视剧原声大碟,9.1,余昭源|叶里|雁南归组合|冯达,东宫|影视原声|OST|西域风情|叶里|电视剧原声|冯达|华语音乐,2019-02-22,https://music.douban.com/subject/30469318/,1529
,RIVER【劇場盤】,8.5,AKB48,AKB48|日本|JPOP|j-pop|J-Pop|2009|J-pop|J-Pop、,2009-10-21,https://music.douban.com/subject/4103604/,251
"Beginner(DVD付) [Single, CD+DVD, Maxi]",Beginner (Type-B) [DVD+イベント参加券付初回限定盤],8.4,AKB48,AKB48|J-Pop|日本|JPOP|2010|单曲|Single|女声,2010-10-27,https://music.douban.com/subject/5064464/,540
,Beginner (Type-A) [DVD+イベント参加券付初回限定盤],8.3,AKB48,AKB48|日本|J-Pop|JPOP|2010|J-POP|Beginner|女声,2010-10-27,https://music.douban.com/subject/5064463/,784
,Beginner(Type-B)(DVD付),8.4,AKB48,AKB48|日本|J-pop|JPOP|2010|J-Pop|日本音乐|J-POP,2010-10-27,https://music.douban.com/subject/5064462/,332
,桜の木になろう 【劇場盤】,8.8,AKB48,AKB48|日本|J-POP|2011|JPOP|J-Pop|女声|J-pop,2011-02-16,https://music.douban.com/subject/6388662/,416
,桜の木になろう(初回限定盤Type-A)(DVD付),8.4,AKB48,AKB48|日本|J-POP|JPOP|2011|J-Pop|单曲|Single/EP,2011-02-16,https://music.douban.com/subject/5402208/,391
,【特典生写真無し、イベント参加券無し】桜の木になろう(Type-B)(DVD付),8.4,AKB48,AKB48|日本|J-POP|JPOP|2011|J-Pop|单曲|日语,2011-02-16,https://music.douban.com/subject/5402209/,326
,Don't Look Back in Anger,8.8,Oasis,Oasis|Britpop|英国|Rock|Brit-Pop|1996|欧美|Pop:Rock,1996-07-30,https://music.douban.com/subject/3882520/,42
美国白痴,American Idiot (The Original Broadway Cast Recording),9.4,Green Day,punk|美国|摇滚|rock|欧美|Musical|OST|2010,2010-04-20,https://music.douban.com/subject/20978997/,2552
一觉睡到国庆节,"Wake Me Up When September Ends [7"" VINYL]",9.5,Green Day,GreenDay|Punk|欧美|美国|Rock|2005|绿日|洋酒,2005-07-11,https://music.douban.com/subject/3990082/,104
,"MTV World Stage: Green Day - Live in Munich, Germany",9.6,Green Day,Greenday|摇滚|欧美|GreenDay|Punk|美国|朋克|听说他们卷土重来,2009-11-03,https://music.douban.com/subject/6065243/,54
,Don't Look Back in Anger,8.5,Oasis,Oasis|英国|Brit-Pop|欧美|Vincent|Britpop|1996|英伦,1996-07-30,https://music.douban.com/subject/3789174/,29
,American Edit,8.5,Dean Gray,GreenDay|Remix|恶搞|Punk|摇滚|美国|rock|欧美,2006,https://music.douban.com/subject/2276205/,1574
,Wake Me Up When September Ends UK CD Single 1,9.6,Green Day,GreenDay|Punk|欧美|美国|Green-Day|2005|摇滚|绿日,2005-06-13,https://music.douban.com/subject/3770060/,390
,Stop Crying Your Heart Out,8.5,,Oasis|英国|EP|Britpop|Brit-pop|Alternative-Rock|2002,2002-06-18,https://music.douban.com/subject/3595294/,15
,21st Century Breakdown,8.8,Green Day|Billie Joe Armstrong,GreenDay|Rock|Punk|美国|朋克|摇滚|Single|Pop-Punk,2009-12-28,https://music.douban.com/subject/4920833/,112
,Leave Out All the Rest,9.4,Linkin Park,LinkinPark|Linkin|park|Pop-Rock|欧美|Single|美国|摇滚,2008-07-22,https://music.douban.com/subject/3801355/,66
,ポニーテールとシュシュ（劇場盤）,9.0,AKB48,AKB48|日本|J-POP|J-Pop|JPOP|2010|Single/EP|J-pop,2010-05-26,https://music.douban.com/subject/6383136/,291
,Beginner（劇場盤）,9.2,AKB48,AKB48|J-Pop|日本|JPOP|2010|J-POP|神曲|日本音乐,2010-10-27,https://music.douban.com/subject/6194908/,438
,,,,,,,
,,,,,,,
,《Everyday、カチューシャ》TYPE-B 限定盘,7.6,AKB48,AKB48|日本|JPOP|J-Pop|2011|J-POP|J-pop|日语,2011-05-25,https://music.douban.com/subject/6426605/,329
,フライングゲット [Type-A/CD+DVD/初回盤],8.2,AKB48,AKB48|日本|J-Pop|JPOP|2011|J-POP|日本音乐|女声,2011-08-24,https://music.douban.com/subject/6558421/,318
,GIVE ME FIVE!  （数量限定生産盤Type-A／CD＋DVD ※握手会イベント参加券付き）,8.2,AKB48,AKB48|J-Pop|日本|JPOP|2012|J-pop|J-POP|日语,2012-02-15,https://music.douban.com/subject/7063893/,276
,Stop Crying Your Heart Out,9.2,Oasis,Oasis|英国|Vincent|欧美|Britpop|Brit-pop|Alternative-Rock|2002,2002-07-29,https://music.douban.com/subject/3864346/,29
,,,,,,,
,"Falling Down [7"" VINYL]",9.5,Oasis,oasis|英国|Rock|2009|UK|Oasis|Brit-pop|ACG,2009-03-09,https://music.douban.com/subject/3829773/,20
,"Different Gear, Still speeding (Special CD+DVD Edition)",7.2,Beady Eye,BeadyEye|2011|重复条目|英国入侵|英伦|\阿姨打我/|Vincent|UK,2011-02-28,https://music.douban.com/subject/5975865/,24
,Roll with It,8.3,OASIS,Oasis|英国|Vincent|Rock|Britpop|经典|单曲|1995,95-9-7,https://music.douban.com/subject/6023712/,10
,,,,,,,
,Warning,8.7,Green Day,Rock|Punk|GreenDay|美国|朋克|摇滚,2001-03-20,https://music.douban.com/subject/3525492/,16
,Clocks,9.3,Coldplay,Coldplay|UK|Rock|英国|Pop|欧美|Brit-pop|英文,2003-03-11,https://music.douban.com/subject/3874144/,40
,Dookie,8.8,Green Day,GreenDay|美国|Rock|Punk|欧美|摇滚|乐队|Pop,1995-07-18,https://music.douban.com/subject/3649459/,57
,,,,,,,
,"What I've Done, Pt. 1",9.1,Linkin Park,LinkinPark|Nu-Metal|Pop|热血|metal|2007|美国|rock,2007-05-14,https://music.douban.com/subject/2377342/,67
,Leave Out All the Rest,9.2,Linkin Park,LinkinPark|欧美|美国|Linkin|2008|电影原声|林肯公园|Linkin.Park,2008-11-26,https://music.douban.com/subject/3910102/,201
,In the End Pt. 1,9.5,Linkin Park,linkinpark|欧美|Rock|男声|hip-hop|美国|LinkinPark|Park,2002-08-20,https://music.douban.com/subject/1862682/,75
,Papercut,9.5,Linkin Park,LinkinPark|美国|Industrial-Metal|park|linkin|杂,2001-08-28,https://music.douban.com/subject/3277580/,43
,Minutes to Midnight-Tour Edition,9.0,Linkin Park,LinkinPark|Linkin|Industrial-Metal|2008|Vincent|Park,2008-03-25,https://music.douban.com/subject/4210347/,25
,Last Of The American Girls,8.4,Green Day,GreenDay|Punk|Rock|美国|Pop-Punk|2010|US|Single,2010-04-06,https://music.douban.com/subject/4883844/,184
,Oh Love - Single,7.9,Green Day,GreenDay|Punk|2012|Single|美国|Rock|欧美|乐队,2012-07-16,https://music.douban.com/subject/11519789/,66
,21st Century Breakdown SINGLE - German only 2track CD,9.2,Green Day,GreenDay|Rock|Punk|美国|poppunk|Vincent|洋酒|朋克,,https://music.douban.com/subject/4920832/,35
,Clocks,9.0,Coldplay,Coldplay|英国|Rock|欧美|Pop|Britpop|UK|Single,2003-07-08,https://music.douban.com/subject/3781999/,45
,Stop Crying Your Heart Out,9.1,Oasis,Oasis|2002|英国|Vincent|Rock|Britpop|EP|CD党,2002-06-13,https://music.douban.com/subject/3817842/,43
,Stop Crying Your Heart Out,8.7,Oasis,Oasis|Britpop|英国|Vincent|2002|欧美|UK|Rock,2002-06-19,https://music.douban.com/subject/4850446/,31
美国小笨笨,American Idiot,9.1,Green Day,GreenDay|Punk|Rock|美国|Single|2004|欧美|摇滚,2004,https://music.douban.com/subject/5293092/,93
,,,,,,,
,,,,,,,
,,,,,,,
,The Hindu Times / Just Getting Older - Limited Edition UK 7 inch single,8.7,Oasis,英国|oasis|Vincent|Oasis|英伦|luv|i|Single,,https://music.douban.com/subject/3540357/,10
,Stop the Clocks,9.5,Oasis,Oasis|Brit-pop|Britpop|2006|英国|英伦摇滚|英伦|绿洲,2006-11-20,https://music.douban.com/subject/3789161/,28
,Some Might Say,8.7,Oasis,Oasis|英国|Vincent|Rock|EP|Britpop|1995|日版,1995-08-10,https://music.douban.com/subject/3843250/,13
,The Shock of the Lightning,8.2,Oasis,Oasis|英国|Rock|2008|Vincent|Britpop|Brit-pop|Brit-Pop,2008-10-07,https://music.douban.com/subject/3791717/,16
,21st Century Breakdown (2-Track),9.3,Green Day,GreenDay|Rock|美国|Punk|Pop-Punk|2009|洋酒|摇滚,2009-11-24,https://music.douban.com/subject/4920831/,31
,GREEN DAY *u.s.a. 1994*,8.6,GREEN DAY,GreenDay|Pop-Punk|Live|朋克|绿日|Rock|Green_Day,1996年,https://music.douban.com/subject/5199995/,21
,The Green Day Collection [iTunes Plus AAC],8.6,Green Day,GreenDay|greenday|美国|punk|rock|摇滚|Punk|Rock,2009-10-22,https://music.douban.com/subject/5394200/,261
,Green day—Boring Days in Paradise,9.1,Green day,GreenDay|美国|朋克|欧美|punk|Rock|green|day,1994,https://music.douban.com/subject/5247336/,55
,Green Day—greendaze,9.3,Green Day,greenday|摇滚|GreenDay|Punk|Rock|Green.Day|美国|欧美,1995年,https://music.douban.com/subject/4826522/,72
,Green day—Attack of Insomnia,9.4,Green day,GreenDay|摇滚|Pop-Punk|Live|Punk,1995年,https://music.douban.com/subject/4827390/,25
,GREEN DAY - Greatest Hits (2 CDs Set),9.3,GREEN DAY,GreenDay|Punk|美国|rock|摇滚|朋克|Rock|英国,,https://music.douban.com/subject/5915132/,132
,V.A./GREEN DAY トリビュート GREEN DAYSII,9.0,GREEN DAY,GreenDay|Punk|Rock|美国|J-punk|音乐|这封面好nb|欧美,2004年,https://music.douban.com/subject/4272757/,61
,Green Day / Japan Live 東京赤坂 2009,9.4,Green Day,GreenDay|Live|美国|摇滚|Rock|Punk|Green_Day|演唱会,2009,https://music.douban.com/subject/4895997/,57
,Shenanigans,9.0,Green Day,GreenDay|Punk|2011|美国|Vincent|Rock|Pop-Punk|2002,2002-07-15,https://music.douban.com/subject/3816302/,42
,21st Century Breakdown,9.1,Green Day,GreenDay|Punk|美国|摇滚|Pop|Rock|Pop-Punk|朋克,2009-05-15,https://music.douban.com/subject/3828287/,139
,Jesus of Suburbia,9.0,Green Day,GreenDay|Punk|Rock|摇滚|USA|Single|2005|美国,2005-11-21,https://music.douban.com/subject/3765961/,87
,Warning,9.1,Green Day,Punk|GreenDay|美国|2000|Rock|组合|Vincent,2000-10-03,https://music.douban.com/subject/4824014/,52
,Boulevard of Broken Dreams,9.5,Green Day,GreenDay|Punk|欧美|美国|摇滚|Rock|洋酒|乐队,,https://music.douban.com/subject/4920834/,159
,Know Your Enemy,8.1,Green Day,GreenDay|Punk|Pop-Punk|Single|Rock|美国|欧美|rock,2009-05-12,https://music.douban.com/subject/3796897/,77
,Boulevard of Broken Dreams 2,9.6,Green Day,GreenDay|Punk|朋克|洋酒|US|Rock|Pop-Punk|美国,2004-12-20,https://music.douban.com/subject/3790488/,62
,,,,,,,
,,,,,,,
,,,,,,,
,,,,,,,
,,,,,,,
,Warning (Limited Edition),9.0,Green Day,GreenDay|Punk|欧美|Pop-Punk|Rock|美国|rock|摇滚,2000-12-19,https://music.douban.com/subject/1786857/,364
,Bullet In A Bible,9.3,Green Day,GreenDay|punk|live|rock|美国|摇滚|欧美|Punk,2005,https://music.douban.com/subject/1437949/,5428
,Awesome As Fuck,9.0,Green Day,GreenDay|live|punk|美国|rock|2011|摇滚|Pop-Punk,2011-03-22,https://music.douban.com/subject/5415182/,3892
,Stop the Clocks (with DVD),8.8,Oasis,Oasis|Britpop|Brit-pop|英国|2006|非常棒！|英伦摇滚|英伦,2006-11-21,https://music.douban.com/subject/1901081/,23
,Stop crying your heart out (2002),8.8,Oasis,Oasis|英国|Vincent|Rock|Britpop|Brit-pop|Alternative-Rock|EP,,https://music.douban.com/subject/4850445/,23
,Go Let It Out,7.7,Oasis,Vincent|Oasis|英国|EP|2000,,https://music.douban.com/subject/3333197/,10
,The Shock of the Lightning,8.6,Oasis,Oasis|英国|Rock|2008|Vincent|Britpop|Brit-pop|Brit-Pop,2008-11-26,https://music.douban.com/subject/3791716/,14
,Stop the Clocks (with DVD),10.0,Oasis,Britpop|Vincent|Rock|Oasis|Brit-pop|2006|英国|英伦摇滚,2006-11-21,https://music.douban.com/subject/3829514/,12
,Don't Look Back in Anger,8.5,Oasis,Oasis|英国|Vincent|Rock|Britpop|Brit-Pop|1998|EP,1998-06-30,https://music.douban.com/subject/3773742/,16
,Don't Look Back In Anger,8.4,Oasis,Oasis|英国|Vincent|Rock|Britpop|Brit-Pop|EP|Alternative-Rock,,https://music.douban.com/subject/3733969/,11
,Everyday、カチューシャ 劇場盤,7.8,AKB48|Team Kenkyuusei,AKB48|日本|J-Pop|2011|JPOP|Single/EP|J-POP|女声,2011-05-25,https://music.douban.com/subject/6438632/,294
,ヘビーローテーション(劇場盤),9.2,AKB48,AKB48|日本|J-Pop|JPOP|J-POP|2010|J-pop|48系,2010-08-18,https://music.douban.com/subject/6194909/,278
,,,,,,,
,風は吹いている（通常盤Type-A／CD＋DVD／イベント参加券無し）,7.8,AKB48,AKB48|日本|J-Pop|JPOP|2011|J-POP|J-pop|日本音乐,2011-10-26,https://music.douban.com/subject/6811310/,642
,ヘビーローテーション,7.9,AKB48,AKB48|日本|JPOP|J-Pop|2010|j-pop|大岛优子|J-POP,2010-08-18,https://music.douban.com/subject/4837289/,996
,風は吹いている（数量限定生産盤Type-A／CD＋DVD）,7.9,AKB48,AKB48|日本|J-Pop|JPOP|2011|J-POP|J-pop|单曲,2011-10-26,https://music.douban.com/subject/6811307/,323
,ポニーテールとシュシュ(TypeB)(DVD付),7.8,AKB48,AKB48|J-Pop|日本|JPOP|2010|J-POP|女声|组合,2010-05-26,https://music.douban.com/subject/4726900/,537
,Beginner (Type-A) [CD+DVD],8.3,AKB48,AKB48|J-Pop|日本|JPOP|2010|J-pop|J-POP|女声,2010-10-27,https://music.douban.com/subject/5064461/,595
,言い訳Maybe【劇場盤】,8.7,AKB48,AKB48|日本|J-POP|JPOP|J-Pop|2009|日本音乐|J-pop,2009-08-26,https://music.douban.com/subject/6383130/,273
,桜の花びらたち2008(初回生産限定盤Type B),9.1,AKB48,AKB48|akb48|日本|JPOP|J-pop|流行|J-Pop|毕业歌,2008-02-27,https://music.douban.com/subject/3274873/,177
,夕陽を見ているか?(初回生産限定盤Type A)(DVD付),8.8,AKB48,AKB48|日本|J-Pop|Jpop|48系|J-pop|2007|日本音乐,2007-10-31,https://music.douban.com/subject/2255989/,184
,涙サプライズ!【劇場盤】,8.5,AKB48,AKB48|日本|J-POP|JPOP|2009|J-Pop|J-pop|女声,2009-06-24,https://music.douban.com/subject/6018807/,210
,夕陽を見ているか?(初回生産限定盤Type B),8.7,AKB48,AKB48|日本|J-POP|J-Pop|Jpop|2007|励志|J-pop,2007-10-31,https://music.douban.com/subject/3126953/,205
,10年桜【劇場盤】,8.9,AKB48,AKB48|日本|J-POP|JPOP|J-Pop|J-pop|2009|日本音乐,2009-03-04,https://music.douban.com/subject/6383111/,254
,大声ダイヤモンド【劇場盤】,8.7,AKB48,AKB48|日本|j-pop|Jpop|J-Pop|2008|松井珠理奈|JPOP,2008-10-22,https://music.douban.com/subject/4271211/,250
,Living Things,8.4,林肯公园 Linkin Park,LinkinPark|Rock|2012|金属|美国|摇滚|男歌手,2012-06-26,https://music.douban.com/subject/22992638/,113
,Live In Texas,9.5,Linkin Park,LinkinPark|杂,,https://music.douban.com/subject/3630769/,16
,Bleed It Out,9.1,Linkin Park,LinkinPark|Rock|2007|Single/EP|E-Pop|欧美|林肯公园|Single,2007-09-10,https://music.douban.com/subject/4196272/,106
,Somewhere I Belong,9.2,Linkin Park,2003|美国|pop|metal|Park|Linkin|欧美|wierdometal,2003-12-02,https://music.douban.com/subject/4923728/,19
,Meteora (Special Edition: Enhanced CD & Dvd),9.5,Linkin Park,LinkinPark|post-grunge|nu-metal|alternative-metal|US|Rock|2003|手に入れた,2003-03-25,https://music.douban.com/subject/5316090/,32
,Shadow of the Day,9.8,Linkin Park,LinkinPark|欧美|linkinpark|2007|2000s,2007-12-11,https://music.douban.com/subject/3398626/,58
,A Thousand Suns,7.7,Linkin Park,LinkinPark|欧美|Rock|美国|2010|林肯公园|Pop|英语,2010-09-14,https://music.douban.com/subject/5282295/,134
,Hybrid Theory,8.9,Linkin Park,LinkinPark|2000|金属|美国|nu-metal|alternative-metal|Rock|post-grunge,2000-10-24,https://music.douban.com/subject/20274460/,55
Nuit de Cellophane,八月夜桂花,8.8,还潮,还潮|民谣|中国|Indie-Folk|Indie|Folk|2019|吴语,2019-12-04,https://music.douban.com/subject/34931203/,164
,亲爱的黑色,9.5,HOCC,香港|粤语|Hocc|何韵诗|HOCC|HK|2016,2016-08-16,https://music.douban.com/subject/35129622/,64
,为艺术牺牲,8.1,粉红A,香港|粉红A|2019|Indie-Pop|粵語|独立音乐|Indie|港乐,2019-11-18,https://music.douban.com/subject/34893061/,373
,独家村,9.8,谢安琪 Kay Tse,香港|谢安琪|粤语|林夕|2014|单曲|流行|港乐,2014-09-23,https://music.douban.com/subject/35098192/,211
,是有种人,9.6,HOCC,香港|何韵诗|粤语|Hocc|2015|林夕|周国贤|音乐,2015-07-29,https://music.douban.com/subject/35117747/,125
,After Collision,8.5,林肯公园 Linkin Park|艾米纳姆 Eminem,Rock|Hip-Hop|Alternative|美国|LinkinPark|Eminem,2013-04-09,https://music.douban.com/subject/24750717/,26
,Mirrors (Radio Edit) – Single,8.3,Justin Timberlake,JustinTimberlake|欧美|Single|R&B|2013,2013-03-13,https://music.douban.com/subject/22241185/,22
Linkin Park-Blackbirds,Blackbirds,8.9,Linkin Park,LinkinPark|Rock|2010|Nu-Metal|Alternative|美国|摇滚|LP,2010-05-01,https://music.douban.com/subject/4859224/,253
,No Line on the Horizon (Bonus Track),8.8,U2,U2|欧美|Vincent|2009|爱尔兰,2009-03-03,https://music.douban.com/subject/3604210/,10
,,,,,,,
,Hybrid Theory Live Around the World,8.6,Linkin Park,Live|LinkinPark|2012|Alternative|Nu-Metal|美国|linkin-park|欧美,2012-05-31,https://music.douban.com/subject/11613252/,31
,水之湄,9.0,惘闻,Post-Rock|惘闻|后摇|中国|后摇滚|2018|单曲|大陆,2018-06-27,https://music.douban.com/subject/30260561/,594
A Date with Sake,清酒之约,8.4,冯颖琪 Vicky Fung,粤语|2020|香港|馮穎琪|Single|HK|港乐|女声,2020-06-24,https://music.douban.com/subject/35116437/,39
"Blanc, Le Soleil, Le Pistolet",白色太陽槍,8.2,The Lee's,香港|TheLee's|Indie|粤语|维港唱片|2012|独立音乐|indie,2012-11-23,https://music.douban.com/subject/20445348/,1411
,水疗,8.1,邓小巧,邓小巧|2017|香港|国语|Single|港乐|流行|女声,2017-05-04,https://music.douban.com/subject/27037315/,39
,若只如初見,7.8,林聰,2019|香港|粤语|林聰|林聪|goomusic|Single|HK,2019-9-23,https://music.douban.com/subject/34914207/,13
1st Mini Album,SQUARE UP,7.1,BLACKPINK,blackpink|韩国|BLACKPINK|2018|韩语|K-Pop|电子|Pop,2018-06-15,https://music.douban.com/subject/30240819/,6482
1st Single Album,SOLO,7.0,JENNIE,JennieKim|女solo|韩国|韩语|KPOP|2018|K-POP|流行,2018-11-12,https://music.douban.com/subject/30374601/,6825
,1989 (13 Tracks/International Standard Jewel Case),9.0,Taylor Swift,TaylorSwift|欧美|美国|2014|Pop|西餐|2010s|US,2014-10-27,https://music.douban.com/subject/26359673/,665
险恶之地,BADLANDS,7.7,Halsey,Halsey|Pop|2015|美国|欧美|女声|Indie-Pop|Indie,2015-08-28,https://music.douban.com/subject/26416318/,2944
,Señorita,7.6,Shawn Mendes|Camila Cabello,ShawnMendes|一听即中毒|欧美|CamilaCabelo|流行|Pop|2019|美国,2019-06-21,https://music.douban.com/subject/34433511/,8306
,F,9.0,李志,李志|民谣|Folk|中国|2014|内地独立音乐|内地|Indie,2014-05-22,https://music.douban.com/subject/25886444/,2057
电影频道青年演员计划主题曲,星辰大海,8.6,周冬雨|王俊凯|易烊千玺|刘昊然|陈飞宇|许魏洲|宋祖儿|陈学冬|董子健|谷嘉诚|尚语贤|曾舜晞|张雪迎|张哲瀚|陈都灵|蓝盈莹|李鸿其|王森|张慧雯|金晨|王嘉|李蔓瑄|周也|王紫璇|易恒|匡牧野|朱颜曼滋|孙嘉灵|王锵|张海宇|王西|张婧仪,王俊凯|易烊千玺|合唱|流行|王俊凯金鸡|华语|2019|内地,2019-11-19,https://music.douban.com/subject/34895069/,4360
,Dancing With Your Ghost,8.8,Sasha Sloan,欧美|sashasloan|流行|女声|美国|Pop|歌词很棒|2019,2019-06-28,https://music.douban.com/subject/34688871/,1093
,21,9.1,Adele,Adele|英国|Pop|Soul|2011|英语|虾米音乐|2010s,2011,https://music.douban.com/subject/20393813/,610
Run Away / 电视剧《想见你》插曲,逃,8.4,孙盛希 Shi Shi,OST|孙盛希|台湾|《想见你》|电视原声|华语|2019|原声,2019-12-18,https://music.douban.com/subject/34916377/,1113
,Love Poem,7.9,李知恩 IU|아이유|IU,IU|李知恩|治愈你的声音|韩国|韩语|2019|女声|流行,2019-11-18,https://music.douban.com/subject/34877963/,7294
,Circles,8.5,Post Malone,PostMalone|Pop|2019|欧美|美国|Single|流行|单曲,2019-08-30,https://music.douban.com/subject/34810462/,2139
,‘The ReVe Festival’ Finale,8.4,레드벨벳|Red Velvet,RedVelvet|韩国|K-POP|2019|K-Pop|韩语|SMEntertainment|R&B,2019-12-23,https://music.douban.com/subject/34913548/,7195
,Blinding Lights,8.5,The Weeknd,TheWeeknd|R&B|2019|Pop|欧美|加拿大|Single|Electronic,2019-11-29,https://music.douban.com/subject/34903476/,2409
映画「打ち上げ花火、下から見るか？横から見るか？」主題歌「打上花火」,打上花火 (初回限定盤),8.9,DAOKO,米津玄師|日本|电影歌曲|DAOKO|ACG|OST|J-Pop|2017,2017-08-16,https://music.douban.com/subject/27077658/,3541
,青春的花路,7.9,范丞丞|朱正廷|王子异|小鬼|尤长靖|艾福杰尼 After Journey|费启鸣,范丞丞|大厂男孩|流行|华语|朱正廷|2019|内地|王子异,2019-03-07,https://music.douban.com/subject/30489393/,938
Won't Cry,说好不哭,5.9,周杰伦 Jay Chou|阿信,周杰伦|周式情歌|华语(周杰伦)|阿信|2019|流行|华语|不太行,2019-09-16,https://music.douban.com/subject/34815690/,63341
,請讓我回家,8.9,AMK,香港|indie|AMK|粤语|Indie-Rock|Indie|1995|独立,1995,https://music.douban.com/subject/1899126/,358
Episode 02,第二集,8.6,你男友係碌葛 yourboyfriendsucks!,Shoegaze|Indie-Pop|2020|yourboyfriendsucks|中国|内地|EP|摇滚,2020-04-01,https://music.douban.com/subject/35016769/,307
,Soothe Me,7.4,Science Noodles,Lo-Fi|Indie-Pop|香港|台湾|Dreampop|2018|2010s|ScienceNoodles,2018-10-20,https://music.douban.com/subject/33386863/,45
,她來了,7.6,粉紅A,香港|Indie|粉红A|粉紅A|粤语|HK|独立音乐|独立,2006,https://music.douban.com/subject/1822382/,392
,粉紅A,8.1,粉紅A,香港|粉紅A|indie|粤语|粉红A|HK|2001|港台独立音乐,2001,https://music.douban.com/subject/1822384/,270
,潮濕,8.2,粉紅A,香港|粉紅A|indie|粤语|粉红A|Indie|2003|HK,2003-09,https://music.douban.com/subject/1822383/,379
,大地回春 - Radio Mix,8.4,粉红A,香港|粉红A|indie|HK|2019|Indie-Rock|ulysses|single,2019-03-09,https://music.douban.com/subject/32299680/,56
,若世界在明日結束 - Radio Mix,8.7,粉红A,香港|粉红A|2019|Indie-Pop|Indie|HK|Single|indie,2019-10-10,https://music.douban.com/subject/34877646/,78
,香港香港 - Radio Mix,8.9,粉红A,香港|粉红A|Indie-Pop|Single|indie|Indie|2019|中国摇滚,2019-06-05,https://music.douban.com/subject/34877645/,72
Talk2Me,人话,8.9,方皓玟 Charmaine,方皓玟|粤语|香港|2019|Single|Cantopop|单曲|Pop,2019-12-06,https://music.douban.com/subject/34905030/,152
Faith,最后的信仰,8.4,林二汶 Eman Lam,林二汶|香港|粤语|林夕|2019|港乐|Single|单曲,2019-08-09,https://music.douban.com/subject/34788965/,207
,我总是想像你离开后的日子,8.7,HOCC,何韵诗|HOCC|2020|国语|香港|流行|女声|港台,2020-04-20,https://music.douban.com/subject/35038933/,217
青山十日谈,Ten Days in the Madhouse,9.7,HOCC,香港|Hocc|粤语|概念专辑|Indie|HK|2008|黄伟文,2008-12-12,https://music.douban.com/subject/35138834/,107
,What Really Matters,9.3,HOCC,Hocc|粤语|Pop|2007|女声|HK|香港|Indie,2007-01-22,https://music.douban.com/subject/35165528/,66
Universe,代你白头,9.3,HOCC,HOCC|香港|粤语|Hocc|2019|单曲|Single|HK,2019-01-19,https://music.douban.com/subject/35117629/,76
,餘波,8.3,臥軌的火車,卧轨的火车|内地|Indie-Rock|中国|Rock|Indie|2018|摇滚,2018-11-16,https://music.douban.com/subject/30358432/,68
,寸铁演腰，下不为例,9.5,寸铁|腰乐队 kidney,寸铁|腰|live|2017|腰乐队|中国摇滚|收音鸡|摇滚,2017-09-17,https://music.douban.com/subject/34946526/,193
,Klein Blue,7.4,白日密语,白日密语|Indie-Rock|摇滚|Rock|内地|中国|2019|中国摇滚,2019-04-24,https://music.douban.com/subject/33430220/,280
,七七连环X人调,9.2,周二下午谁没来？,实验|摇滚|周二下午谁没来|概念|中国|Experimental|2015|相见恨晚。,2015-01-01,https://music.douban.com/subject/26829903/,977
小咸偶偶记,小咸偶记,9.2,水仙斗活佛,期待完整版|中国|Rock|2018|独立|2081|水仙斗活佛|Experimental,2018-05-18,https://music.douban.com/subject/33415648/,669
聊勝於無,聊胜于无,8.7,明曲,明曲|独立|2018|民谣|Folk,2018-03-14,https://music.douban.com/subject/30171858/,111
The Ningbonese Philosophy of Consolation,宁波人有三譬好譬,8.5,还潮,还潮|吴语|方言|民谣|中国|2018|Indie-Folk|Folk,2018-11-11,https://music.douban.com/subject/30381404/,845
,The End of Delusion and the Last Ningbonese,8.4,还潮,吴语|中国|2020|独立|Indie|方言|民谣|Indie-Folk,2021-01-01,https://music.douban.com/subject/35004883/,283
The Ningbonese Art of Renunciation,老酒日日醉，皇帝万万岁,8.7,还潮,民谣|吴语|还潮|Indie|Folk|中国|2019|内地,2019-06-22,https://music.douban.com/subject/34442992/,688
,Meteora Live Around The World,8.9,Linkin Park,LinkinPark|2012|Nu-Metal|Live|Alternative|欧美|★★★☆|US,2012-06-05,https://music.douban.com/subject/11613262/,27
,,,,,,,
,Wretches and Kings,8.6,Linkin Park 林肯公园,LinkinPark|rock|美国|林肯公园|2010|Single|Alternative|摇滚,2010-09-04,https://music.douban.com/subject/5268988/,108
,Somewhere I Belong (2 Tr),9.5,Linkin Park,LinkinPark|Rock|Nu-Metal|American|somewhere|belong|Vincent|Park,2003-03-17,https://music.douban.com/subject/1460612/,63
,Burning in the Skies,8.3,Linkin Park,LinkinPark|Rock|美国|欧美|Linkin|Alternative|2011|Single/EP,2011-03-21,https://music.douban.com/subject/5999782/,68
,Somewhere I Belong,9.4,Linkin Park,LinkinPark|美国|Nu-Metal|说唱金属|林肯公园|2003|男声|爱爱爱,2003-12-02,https://music.douban.com/subject/3659546/,114
,Waiting For The End - Single,9.0,Linkin Park,LinkinPark|Rock|Single|2010|欧美|Alternative|美国|US,2010-10-05,https://music.douban.com/subject/5320560/,193
,Across The Line,8.1,林肯公园 Linkin Park,LinkinPark|美国,2010,https://music.douban.com/subject/6756312/,21
,One More Light (Steve Aoki Chester Forever Remix),7.4,林肯公园 Linkin Park,LinkinPark|美国|Electronic|林肯公园|Single|Pop|2017|单曲,2017-10-25,https://music.douban.com/subject/27181519/,67
,The Hunting Party,6.8,Linkin Park,LinkinPark|2014|欧美|Rock|AlternativeRock|美国|欧美(LinkinPark)|rock,2014-06-13,https://music.douban.com/subject/25876285/,38
,One Step Closer,8.4,林肯公园 Linkin Park,LinkinPark|Single,2000,https://music.douban.com/subject/20433812/,23
,Greatest Hits,9.2,林肯公园 Linkin Park,LinkinPark|Rock|2012|Nu-Metal|美国|摇滚|Rock-Pop|Best,2012,https://music.douban.com/subject/10726756/,120
,Underground 16,7.9,林肯公园 Linkin Park,LinkinPark|2016|美国|Underground|Rock,2016-11-21,https://music.douban.com/subject/26995986/,14
,,,,,,,
,,,,,,,
,,,,,,,
,,,,,,,
,,,,,,,
,,,,,,,
,,,,,,,
,,,,,,,
,,,,,,,
,Some Might Say,9.2,Oasis,Oasis|BritPop|英国|brit-pop|1995|英伦|Britpop|UK,1995-04-24,https://music.douban.com/subject/1452802/,1970
童年时的梦,The Dreams We Have As Children,9.2,Noel Gallagher,brit-pop|Oasis|NoelGallagher|Britpop|Brit-Pop|英国|Live|2009,2009-03-15,https://music.douban.com/subject/3606915/,3131
,Familiar to Millions,9.2,Oasis,Oasis|BritPop|brit-pop|live|英国|Rock|英伦|摇滚,2000,https://music.douban.com/subject/1402021/,4439
,Time Flies... 1994-2009,9.6,Oasis,Oasis|Britpop|英国|英伦|Brit-pop|摇滚|Rock|UK,2010-06-14,https://music.douban.com/subject/4744697/,5202
,Cleaning Out My Closet 1,9.5,Eminem,Eminem|Hip-Hop|2002|说唱|美国|欧美|rap|Vincent,2002-10-29,https://music.douban.com/subject/5917166/,44
,Slim Shady Lp,9.1,Eminem,Eminem|Hip-Hop|美国|1999|欧美|hip-hop|Vincent|Hip-Hop/Rap,2006-04-25,https://music.douban.com/subject/5917147/,40
,Without Me,8.7,Eminem,Eminem|Hip-Hop|Comedy-Rap|2002|美国|男歌手|欧美|hip-hop,2002,https://music.douban.com/subject/5319599/,42
,Lose Yourself,9.6,Eminem,Eminem|2002|rap|美国|Vincent|经典|男歌手|我的青春岁月,2002,https://music.douban.com/subject/5319515/,49
,SING FOR THE MOMENT,9.4,EMINEM,Eminem|Hip-Hop|Rap|说唱|硬核|hiphop|欧美|Eminen,,https://music.douban.com/subject/5917169/,83
,Stan,9.6,Eminem,Eminem|美国|rap|hip-hop|2000|欧美|对痞子没有抵抗力|Single,2000,https://music.douban.com/subject/5319541/,101
,The Way I Am,9.6,Eminem,Eminem|Rap|美国|Hip-Hop|rap|RAP|Hardcore-Rap|阿大姆,2000,https://music.douban.com/subject/5319580/,71
,Lose Yourself,9.3,Eminem,Eminem|经典|我的青春岁月|伴我成长～|Jazzy-Hiphop|Hip-Hop|2002|美国,2002,https://music.douban.com/subject/5319521/,74
,Without Me,8.7,Eminem,Eminem|hiphop|Hip-Hop|2002|美国|男歌手|rap|Vincent,2002,https://music.douban.com/subject/5319600/,55
,,,,,,,
,Unplayed Piano,,Damien Rice|Lisa Hannigan,,2005-06-20,https://music.douban.com/subject/1455379/,
,Live From The Union Chapel,9.1,Damien Rice,DamienRice|Folk|爱尔兰|民谣|Indie|Live|Damien_Rice|欧美,2007,https://music.douban.com/subject/1455381/,3144
,Songbird,9.3,Oasis,Oasis|Britpop|Brit-pop|英国|2003|UK|Rock|Single,2003-02-04,https://music.douban.com/subject/2003126/,1058
,,,,,,,
,,,,,,,
,,,,,,,
,Way i Am,9.7,Eminem,Eminem|rap|hip-hop|Vincent|2000,2000-10-10,https://music.douban.com/subject/4314009/,18
,The Real Slim Shady,8.3,Eminem,Vincent|2000,2000-05-16,https://music.douban.com/subject/4314005/,18
,Like Toy Soldiers Pt.2,8.9,Eminem,Hip-Hop|Eminem|欧美|Eminen|2005|美国|hiphop|Vincent,2005-02-07,https://music.douban.com/subject/5917180/,30
,Lose Yourself,9.0,Eminem,Eminem|美国|经典|Rap|2002|男歌手|我的青春岁月|伴我成长～,2002,https://music.douban.com/subject/5319514/,38
,Real Slim Shady,9.4,Eminem,Eminem|美国|rap|hip-hop|Vincent|Rap|Hip-Hop|2000,2000-06-30,https://music.douban.com/subject/3882819/,32
,Stan,9.3,Eminem,Eminem|美国|2001|Single|Rap|Hip-Hop|男歌手|Vincent,2001-02-13,https://music.douban.com/subject/4313998/,43
,Sing for the Moment,9.2,Eminem,Eminem|Hip-Hop|Rap|美国|Hip-Hop/Rap|2003|震撼|经典,2003,https://music.douban.com/subject/5319535/,78
,Stan,9.8,Eminem,Eminem|美国|Hip-Hop|2000|Jazzy-Hiphop|看过STAN的MTV吗?|男歌手|欧美,2000-12-04,https://music.douban.com/subject/4314001/,50
,The Real Slim Shady,9.2,Eminem,Eminem|rap|美国|hip-hop|欧美|RAP|Hip-Hop/Rap|单曲,2000,https://music.douban.com/subject/5319553/,127
,My Name Is,9.0,Eminem,Eminem|美国|rap|1999|Hip-Hop|欧美|hip-hop|Hip-Hop/Rap,1999,https://music.douban.com/subject/5319527/,125
,Stan,9.9,Eminem,Eminem|2000|美国|Rap|经典|Jazzy-Hiphop|Hip-Hop|Single,2000-12-05,https://music.douban.com/subject/4314000/,45
,,,,,,,
,,,,,,,
,,,,,,,
Live Unreleased,Live Unreleased Singles,9.1,Damien Rice,DamienRice|folk|爱尔兰|Live|INDIE|民谣|Damien_Rice|欧美,2006,https://music.douban.com/subject/2296577/,1693
,Stan,9.8,Eminem,Eminem|Rap|Single|2000|美国|Jazzy-Hiphop|男神|Vincent,2000-11-28,https://music.douban.com/subject/4313999/,56
,Like Toy Soldiers Pt.1,8.7,Eminem,Vincent|Eminem,,https://music.douban.com/subject/5917179/,11
,Not Afraid,9.3,eminem,Eminem|Rap|Hip-Hop|2010|男声|阿姆|美国|洋酒,2010-05-03,https://music.douban.com/subject/4825186/,67
,Sing for the Moment,8.6,Eminem,rap|Eminem|震撼|经典|欧美|我的青春岁月|喜欢|伴我成长～,2003,https://music.douban.com/subject/5319536/,19
,Slim Shady LP,9.0,Eminem,美国|Vincent|Hip-Hop|2014年听过或重刷|2001,2001-02-13,https://music.douban.com/subject/3403346/,18
,Without Me,9.2,Eminem,Eminem|美国|Rap|Single|2002|Vincent|Hip-Hop,2002,https://music.douban.com/subject/5319598/,50
,Without Me,8.8,Eminem,Eminem|2001|Vincent,2001-07-20,https://music.douban.com/subject/4314015/,29
,Just Don't Give a Fuck / Brain Damage,8.9,Eminem,Eminem|hip-hop|rap|Vincent|Single|1998|0单曲,1998-10-13,https://music.douban.com/subject/5917156/,29
,Guilty Conscience,8.7,Eminem,Eminem|美国|Single|Rap|Hip-Hop|1999|rap|hip-hop,1999-09-09,https://music.douban.com/subject/5917158/,48
,Curtain Call: The Hits [Vinyl],9.8,Eminem,Eminem|rap|hip-hop|Hip-Hop|2005|美国|精选|给力,2005-12-13,https://music.douban.com/subject/5917154/,54
,Slim Shady EP,8.8,Eminem,Midwest-Rap|Hardcore-Rap|Vincent,,https://music.douban.com/subject/5276010/,17
,The Slim Shady LP,8.8,Eminem,Eminem|Hip-Hop|rap|美国|说唱|1999|欧美|Rap,1999,https://music.douban.com/subject/1417977/,3239
,Without Me,8.8,Eminem,Eminem|2002|Vincent,2002-05-21,https://music.douban.com/subject/4314014/,22
,Business Pt.2,8.8,Eminem,Eminem|hip-hop|2003|rap|Vincent|Single,2003-08-18,https://music.douban.com/subject/4313978/,20
,Infinite,8.7,Eminem,Eminem|Underground-Rap|Hip-Hop|Midwest-Rap|白人|处女专辑|嘻哈|rap,,https://music.douban.com/subject/3597179/,45
,The Real Slim Shady / My Fault (Pizza Mix),9.4,Eminem,Vincent|Hip-Hop|2000,2000,https://music.douban.com/subject/5319557/,19
,"My Name Is, Part 2",8.9,Eminem,Eminem|Vincent|Single|1999,1999-04-27,https://music.douban.com/subject/3402243/,14
,The Marshall Mathers LP,9.6,Eminem,Eminem|Hip-Hop|美国|2000|欧美|男声|hiphop|Vincent,2000-09-11,https://music.douban.com/subject/5917149/,61
,Cleanin' Out My Closet,9.6,Eminem,Eminem|美国|Hip-Hop|Vincent|2002|英语|欧美|Rap,2002,https://music.douban.com/subject/5319485/,29
,Just Don't Give A F***,8.8,Eminem,hip-hop|Eminem|rap|Vincent|1998,1998-10-13,https://music.douban.com/subject/3772217/,15
,,,,,,,
,,,,,,,
,,,,,,,
,,,,,,,
,,,,,,,
,,,,,,,
,Little By Little,9.4,Oasis,Oasis|Britpop|Brit-pop|英国|Rock|UK|Brit-Pop|英伦,2003-01-28,https://music.douban.com/subject/2264692/,628
收起你的泪,Stop Crying Your Heart Out,9.5,Oasis,OASIS|BritPop|Oasis|Brit-Pop|英国|英伦摇滚|英伦|摇滚,2002-06-17,https://music.douban.com/subject/1481570/,4965
,Morning Glory,9.5,Oasis,Oasis|BritPop|英国|Brit-pop|Rock|摇滚|Britpop|UK,1995-09-15,https://music.douban.com/subject/2063904/,1582
,,,,,,,
,,,,,,,
,,,,,,,
,,,,,,,
,,,,,,,
,,,,,,,
,,,,,,,
,,,,,,,
,,,,,,,
,Standing on the Shoulder of Giants,7.9,Oasis,britpop|Oasis|brit-pop|BritPop|英国|英伦|rock|摇滚,2000,https://music.douban.com/subject/1395286/,4578
,,,,,,,
,,,,,,,
,,,,,,,
The God-Like Genius Of Noel Gallagher,Working Class Hero,9.5,Oasis|Noel Gallagher,Oasis|NoelGallagher|Brit-pop|Britpop|英国|UK|2009|Noel,2009,https://music.douban.com/subject/3637631/,1091
,MTV Unplugged,9.3,Oasis,Oasis|Unplugged|Live|BritPop|Brit-Pop|英国|Rock|1996,1996-08-23,https://music.douban.com/subject/3134945/,1402
,Don't Go Away,9.4,Oasis,oasis|BritPop|Brit-Pop|Oasis|英国|英伦|Britpop|rock,2002-06-10,https://music.douban.com/subject/1763203/,1530
,All Around the World,9.0,Oasis,Oasis|britpop|Brit-pop|英国|UK|1998|Britpop|rock,1998-01-21,https://music.douban.com/subject/1899242/,891
,Cigarettes & Alcohol,9.2,Oasis,Oasis|britpop|英国|Brit-pop|UK|Britpop|1996|英伦,1996-08-27,https://music.douban.com/subject/2063909/,1290
,Roll with It,9.2,Oasis,Oasis|BritPop|英国|UK|1995|brit-pop|Britpop|摇滚,1995-01-01,https://music.douban.com/subject/1771221/,1615
,Dogs Pt. 3,9.3,Damien Rice,DamienRice|Folk|爱尔兰|民谣|Indie|2007|Damien|Rice,2007-04-03,https://music.douban.com/subject/2064748/,611
,B - Sides,8.8,Damien Rice,DamienRice|Folk|爱尔兰|indie|民谣|B-Sides|Damien_Rice|欧美,2004,https://music.douban.com/subject/1396321/,6135
,Dogs Pt. 1,9.2,Damien Rice,DamienRice|Folk|爱尔兰|民谣|indie|Dogs|Damien|单曲-B面胜,2007-03-27,https://music.douban.com/subject/2034060/,392
,Rootless Tree,9.3,Damien Rice,DamienRice|Folk|爱尔兰|民谣|indie|Damien_Rice|2007|欧美,2007-02-12,https://music.douban.com/subject/2039540/,3392
,Woman Like a Man,9.1,Damien Rice,DamienRice|Folk|爱尔兰|indie|民谣|Damien.Rice|2003|Damien,2003-03-17,https://music.douban.com/subject/1455382/,2167
,Cannonball,9.4,Damien Rice,DamienRice|爱尔兰|folk|indie|民谣|Folk|Damien.Rice|Damien_Rice,2004-07-12,https://music.douban.com/subject/1464296/,1375
,The Cup Bearers,8.5,Blue Mitchell,JAZZ|ojc|BlueMitchell|爵士|Jazz|OJC|我爱小号手|bop,1994-01-15,https://music.douban.com/subject/2040699/,29
,Empire Burlesque,7.9,Bob Dylan,BobDylan|Folk|1985|美国|Rock|Folk-Rock|Bob_Dylan|民谣,1990-10-17,https://music.douban.com/subject/1971332/,187
,Live at the Fillmore East,9.0,Jimi Hendrix,JimiHendrix|Psychedelic|Live|Blues-Rock|Jimi_Hendrix|美国|rock|blues,"23February,1999",https://music.douban.com/subject/1437576/,95
,Solo Quiero Caminar,7.9,Paco de Lucia,Flamenco|PacoDeLucia|西班牙|吉他|纯音乐|古典|你球土味|xjc_jovi,1990-10-25,https://music.douban.com/subject/3644333/,33
,OU812,7.5,Van Halen,VanHalen|HeavyMetal|美国|Metal|Van_Halen|摇滚|Hard-Rock|1988,1988-05-24,https://music.douban.com/subject/1432834/,161
,Open the Door,8.0,Pentangle,Folk|Psychedelic|Pentangle|Folk-Rock|英国|女声|british_folk|1985,2007-09-25,https://music.douban.com/subject/2979882/,20
,Too Long In Exile,9.0,Van Morrison,VanMorrison|Blues|van_morrison|Rock|英国|摇滚|打口带|pop/rock,1993,https://music.douban.com/subject/3128268/,21
,Strange Cargo,7.2,William Orbit,WilliamOrbit|【Electronic】|【Downtempo】|Electronic|William|Orbit|IncidentalMusic|Electronica,1993-02-23,https://music.douban.com/subject/1855160/,12
O + B-Sides,O/B-Sides,9.5,Damien Rice,DamienRice|OST|爱尔兰|电影原声|indie|folk|Soundtrack|Damien,2005-02-22,https://music.douban.com/subject/1865286/,477
,,,,,,,
,,,,,,,
,,,,,,,
,,,,,,,
,Cracklin',7.5,Roy Haynes|Booker Ervin,OJC|jazz|Jazz|ojc|爵士|美国|H|CD架,1994-07-30,https://music.douban.com/subject/2040656/,21
,World Gone Wrong,8.4,Bob Dylan,BobDylan|folk|美国|民谣|Folk|Bob_Dylan|Rock|dylan,1993-10-26,https://music.douban.com/subject/1461380/,370
,"The Jimi Hendrix ""Experience"" [Live at The Royal Albert Hall 2/24/69]",9.0,,JimiHendrix|Live|Psychedelic|美国|Rock|Guitar|Blues|非古典,,https://music.douban.com/subject/2146818/,33
,Hispanoamerica,7.8,Paco De Lucia,古典吉他|西班牙|古典|Paco.De.Lucia|西班牙吉他|水草|弗拉门戈|你球土味,2005-06-06,https://music.douban.com/subject/3644342/,23
,Skyscraper,7.9,David Lee Roth,Glam-Metal|DavidLeeRoth|David_Lee_Roth|「HairMetal」|Vai|Steve_Vai|SteveVai|Steve,1990-10-25,https://music.douban.com/subject/3320445/,14
,Reflection,8.9,Pentangle,Folk|英国|Pentangle|Folk-Rock|Psychedelic|民谣|british_folk|British-Folk,1995-05-26,https://music.douban.com/subject/1433549/,43
,,,,,,,
此恨綿綿無絕期,Trouble Every Day,8.1,Tindersticks,OST|Tindersticks|Indie|soundtrack|2001|电影原声|Alternative|Trouble,2001,https://music.douban.com/subject/1419174/,106
,Big Beat Orchestra,7.8,Gina Brigida|David Travis Edwards|Mark Petrie|Joanna Balloonknot|Frederick Kron|Justin Melland,Epic|2015|电子|MarkPetrie|N,2012-06-15,https://music.douban.com/subject/25962303/,16
,Shazam,8.6,The Move,Psychedelic|British-Psychedelia|Acid-Rock|Psychedelic-Rock|英国|The.Move|Rock|迷幻,1970,https://music.douban.com/subject/1793756/,116
,Looking On,8.9,The Move,Hard-Rock|Acid-Rock|Psychedelic|Rock&Roll|1970|TheMove|Rock|英国,1970-12,https://music.douban.com/subject/3153304/,28
,The Move,8.3,The Move,psychedelic|British-Psychedelia|Psychedelic|60s|Freakbeat|The_Move|Psychedelic-Rock|prog-rock,1998-02-20,https://music.douban.com/subject/2042891/,84
,Animalisms - The Animals Vol. 2,,,SecretRecords|SMDReper|Rock&Roll|Repertoire|RegionalBlues|Decca|ContemporaryPop/Rock|BritishInvasion,,https://music.douban.com/subject/2130546/,
“Tangerine Dream” form Kaleidoscope (UK band),Tangerine Dream,8.7,Kaleidoscope,Psychedelic|Kaleidoscope|British-Psychedelia|英国|Folk|60s|1967|1960s,1967-11,https://music.douban.com/subject/1996143/,154
,Fuzzy Duck,8.8,Fuzzy Duck,Progressive-Rock|Psychedelic|Blues-Rock|Prog-Art|Progressive|Art-Rock|前衛迷幻noise|Rock,2002-11-15,https://music.douban.com/subject/3273370/,38
,A=MH2,8.1,Clark-Hutchinson,老迷幻|白云典藏|声迷影幻┣▇▇▇═—|Psychedelic|老炮儿|声迷影幻|Clark|1960s,2002-11-27,https://music.douban.com/subject/3244369/,14
,Frijid Pink,8.6,Frijid Pink,Psychedelic|Blues-Rock|Acid-Rock|Hard-Rock|Proto-Punk|Blues|1970|Rock,1970-01-01,https://music.douban.com/subject/3274342/,54
,May Blitz,9.0,May Blitz,Psychedelic|Hard-Rock|Acid-Rock|Prog-Rock|Progressive-Rock|Art-Rock|英国|HardRock,2005-07-04,https://music.douban.com/subject/1888873/,85
,2nd of May,8.8,May Blitz,Psychedelic|Progressive-Rock|Hard-Rock|Prog-Rock|Prog/Art|HardRock|Acid-Rock|Rock,2004-06-01,https://music.douban.com/subject/3435631/,45
,Bloodrock,9.3,Bloodrock,Hard-Rock|Psychedelic|Progressive-Rock|Prog|美国|硬摇滚|尖|六星,1995-05-20,https://music.douban.com/subject/3147281/,27
,Lucifer's Friend,8.7,Lucifer's Friend,Hard-Rock|Progressive-Rock|Heavy-Metal|德国|Lucifer'sFriend|Progressive|ProgressiveRock|重金属,1998-06-30,https://music.douban.com/subject/2999903/,89
,The Return of Onkel Boskopp,9.1,Hans Reichel & E.ROC,Avant-Garde|HansReichel|Free-improv|Free-Improvstion|神作|神|天才|Repertoire,2006-07-18,https://music.douban.com/subject/3630396/,19
,The Machine That Cried,,String Driven Thing,尖|前衛迷幻noise|Psychedelic|psychedelic|Repertoire|Prog,2002-11-14,https://music.douban.com/subject/3387309/,
,With Their New Face on,,Spencer Group Davis,Repertoire|1967,1967-02-14,https://music.douban.com/subject/26363110/,
,Before We Were So Rudely Interrupted,8.1,The Animals,Blues-Rock|Rock|Blues|Rock&Roll|TheAnimals|Repertoire|RegionalBlues|Classic-Rock,2008-04-29,https://music.douban.com/subject/3917751/,30
,Psychedelic Underground,7.8,Amon Düül,Psychedelic|Krautrock|krautrock|德国|迷幻|1969|AmonDüül|实验摇滚,1969,https://music.douban.com/subject/1862180/,83
,Scorching Beauty,7.4,Iron Butterfly,Psychedelic|IronButterfly|Hard-Rock|Repertoire|Acid-Rock|Rock|Psychedelic-Rock|HeavyMetal,1995-05-20,https://music.douban.com/subject/3239166/,14
,Psychedelic Lollipop,8.6,The Blues Magoos,Psychedelic|Garage|Rock|1966|60s|车库|美国|Repertoire,1966,https://music.douban.com/subject/1986867/,68
,Rocka Rolla,9.0,Judas Priest,Heavy-Metal|JudasPriest|英国|1974|NWOBHM|HeavyMetal|Metal|重金属,1993-03-08,https://music.douban.com/subject/1793737/,178
,This Is The Place,6.3,Noel Gallagher's High Flying Birds,2019|Rock|NoelGallagher|英国|Indie-Rock|英伦|UK|欧美,2019-08-05,https://music.douban.com/subject/34785020/,125
明月几时有？,Who Built The Moon?,7.5,Noel Gallagher's High Flying Birds,NoelGallagher|2017|英国|Britpop|UK|Rock|Brit-pop|Brit-Pop,2017-11-24,https://music.douban.com/subject/27151382/,866
,First Circle,8.2,Pat Metheny Group,ECM|jazz|Pat_Metheny_Group|Jazz|PatMetheny|Fusion|爵士|Pat_Metheny,1999-11-16,https://music.douban.com/subject/1499029/,68
苔上雪,南山忆,9.0,许嵩 Vae,许嵩|中国风|经典|深情|华语|国语|中国|古风,2008-07-24,https://music.douban.com/subject/30211235/,1113
,HUMAN. :II: NATURE.,7.7,夜愿 Nightwish,Nightwish|Symphonic-Metal|Metal|2020|Finland|摇滚|Rock|Heavy-Metal,2020-04-10,https://music.douban.com/subject/34953009/,60
,If Love Is The Law,7.8,Noel Gallagher's High Flying Birds,英国|NoelGallagher|2018|Rock|摇滚|一九年一月|UK|Oasis,2018-08-17,https://music.douban.com/subject/30306315/,36
,Wait And Return,6.2,Noel Gallagher's High Flying Birds,NoelGallagher|2019|英国|Oasis|Noel|N|High|Gallagher's,2019-04-26,https://music.douban.com/subject/33429801/,21
,Hidden Memories,,The New Division,N|2020,2020-01-27,https://music.douban.com/subject/34974854/,
,Black Star Dancing,6.4,Noel Gallagher's High Flying Birds,NoelGallagher|2019|英国|Brit-Pop|UK|EP|Rock|Pop,2019-7-14,https://music.douban.com/subject/33432772/,176
,Blue Moon Rising,5.5,Noel Gallagher's High Flying Birds,2020|Britpop|NoelGallagher'sHighFlyingBirds|英国|Rock|UK|EP|英伦,2020-03-06,https://music.douban.com/subject/34889123/,124
,Strange Cargo 2,7.2,William Orbit,ambient|William|Orbit|Electronic|Downtempo|Ambient|11,1991-02-12,https://music.douban.com/subject/1855159/,10
,Juxtapose,7.4,Tricky,Trip-hop|Tricky|Electronic|Trip-Hop|英国|1999|TripHop|UK,1999,https://music.douban.com/subject/1759017/,230
,Strange Cargo III,7.9,William Orbit,Electronic|Ambient|Downtempo|WilliamOrbit|英国|电子|有生之年1001|我的APE,1993-12-07,https://music.douban.com/subject/1459955/,45
,Some Old Bullshit,7.5,Beastie Boys,Hardcore|BeastieBoys|punk|美国|Hardcore-Punk|Hip-Hop|Punk|HardcorePunk,1994-02-08,https://music.douban.com/subject/1438824/,68
單純的喜悅,Simple Pleasure,7.8,Tindersticks,Indie|Chamber-pop|Tindersticks|英国|tindersticks|UK|1999|ꉺεꉺ這個標籤實在是太不矜持了哈哈哈⊙v⊙,2003-08-19,https://music.douban.com/subject/3177606/,51
,The Golden Ratio,6.8,Ace of Base,瑞典|Pop|2010|Ace_of_Base|欧美|AceOfBase|舞曲|流行,2010-09-24,https://music.douban.com/subject/5293721/,89
,Donkeys 92-97,7.7,Tindersticks,Indie|Tindersticks|英国|最佳老牛聲|找个地儿下载~|封面儿|USA|UK,1999-01-05,https://music.douban.com/subject/1395074/,32
,Pay the Devil,7.7,Van Morrison,Van_Morrison|欧美|VanMorrison|Van.Morrison|Van|Morrison,2006-06-27,https://music.douban.com/subject/1510256/,17
,Veedon Fleece,7.3,Van Morrison,VanMorrison|Folk-Rock|Folk|FolkRock|1974|英国民谣|搖滾|V,1997-06-03,https://music.douban.com/subject/1922197/,31
,Keep Me Singing,7.4,Van Morrison,VanMorrison|2016|Blues|Rock|country|bluesrock|UK|Soul,2016-09-30,https://music.douban.com/subject/26831101/,37
,Behind the Sun,7.8,Eric Clapton,EricClapton|英国|blues|Blues|Rock|Eric_Clapton|1985|摇滚,1985-03-11,https://music.douban.com/subject/1903307/,59
,It's Too Late To Stop Now: Live ,8.7,Van Morrison,VanMorrison|Live|Rock|Folk-Rock|1974|爱尔兰|live|1001,2008-01-29,https://music.douban.com/subject/3022417/,50
,Days Like This,7.7,Van Morrison,Jazz|VanMorrison|1995|英语|男歌手|水星奖|✿|2013借閱,1995-06-20,https://music.douban.com/subject/1510259/,27
,The Healing Game,7.8,Van Morrison,Folk|VanMorrison|Van|Morrison|民谣|欧美|2018听歌,1997-03-04,https://music.douban.com/subject/2190909/,25
,Hymns to the Silence,7.7,Van Morrison,Folk|民謠|摇滚|Van_Morrison|Van|Morrison|Folk-rock,1991-09-24,https://music.douban.com/subject/1796444/,14
,Bruised Orange,8.1,John Prine,JohnPrine|Country|Folk|70s|老炮儿|xjc_jovi|john-prine|folk,1989-08-08,https://music.douban.com/subject/3687485/,19
,Hark! The Village Wait,8.7,Steeleye Span,Folk|Folk-Rock|UK|SteeleyeSpan|1970|英国|British-Folk-Rock|民谣,1991-07-01,https://music.douban.com/subject/3095715/,34
,In the Round,7.6,Pentangle,英国|Pentangle|Folk|british_folk|英国/爱尔兰|欧美|Psychedelic|FemaleVocal,2007-09-25,https://music.douban.com/subject/3067837/,12
,Please to See the King,8.2,Steeleye Span,Folk-Rock|Folk|BritishFolk|英国|british_folk|SteeleyeSpan|ShanachieRecords|SeaShanties,1991-07-01,https://music.douban.com/subject/2336278/,16
,Moonshine,8.6,Bert Jansch,Folk|BertJansch|1970s|英国|Progressive-Folk|苏格兰|◎1970s|singer-songwriter,2001-12-07,https://music.douban.com/subject/2153985/,30
,8 Frames a Second,7.7,Ralph McTell,RalphMcTell|british_folk|Folk|英国|◎1960s|singer-songwriter|TonyVisconti|DM,2007-08-06,https://music.douban.com/subject/2256782/,11
,The Pentangle,8.3,Pentangle,Folk|Pentangle|民谣|Folk-Rock|英国|女声|Psychedelic|60s,"10July,2001",https://music.douban.com/subject/1433546/,87
,Thirteen Down,8.7,Bert Jansch,British-Folk|英国|Progressive-Folk|Folk|民谣|下载|◎1980s|music28,1980,https://music.douban.com/subject/2135076/,22
,Sweet Child,8.6,Pentangle,Folk|Pentangle|英国|Live|Folk-Rock|民谣|british_folk|豬頭小三,2000-08-29,https://music.douban.com/subject/1433547/,68
,"Dyer-Bennet, Vol. 2",8.5,Richard Dyer-Bennet,Folk|英国|TraditionalFolk|SmithsonianFolkways|Folkways|CD架|50s|2星,2001-07-24,https://music.douban.com/subject/3722659/,10
平衡,Balance,7.9,Van Halen,Van_Halen|VanHalen|重金属|metal|HeavyMetal|美国|摇滚|rock,1995-01-24,https://music.douban.com/subject/1417334/,950
,XXX,7.8,ZZ Top,Blues-Rock|美国|ZZTOP|Blues|布鲁斯摇滚|ZZTop|Rock|德克萨斯,1999-10-21,https://music.douban.com/subject/2209360/,37
,"Live: Right Here, Right Now",8.4,Van Halen,VanHalen|Rock|摇滚|metal|美国|Heavy-Metal|Hard-Rock|范海伦,1993-02-23,https://music.douban.com/subject/1485398/,186
,Van Halen II,8.4,Van Halen,VanHalen|Hard-Rock|Rock|HeavyMetal|metal|美国|1979|Metal,1979,https://music.douban.com/subject/1417333/,383
,Fair Warning,7.7,Van Halen,VanHalen|HeavyMetal|美国|Heavy-Metal|1981|Rock|metal|Van_Halen,1990-10-17,https://music.douban.com/subject/1506922/,163
,For Unlawful Carnal Knowledge,7.3,Van Halen,VanHalen|Heavy-Metal|美国|Metal|Hard-Rock|1991|摇滚|HeavyMetal,1991-06-17,https://music.douban.com/subject/1757438/,116
,Diver Down,7.8,Van Halen,VanHalen|metal|美国|Van_Halen|HeavyMetal|Hard-Rock|1982|摇滚,2000-09-19,https://music.douban.com/subject/1757437/,173
,Women and Children First,7.8,Van Halen,VanHalen|HeavyMetal|Metal|美国|Rock|Heavy-Metal|Hard-Rock|1980,"19September,2000",https://music.douban.com/subject/1432831/,191
,5150,8.2,Van Halen,VanHalen|HeavyMetal|美国|metal|摇滚|重金属|hard-rock|rock,1990-10-25,https://music.douban.com/subject/1432833/,334
,Entre Dos Aguas,8.7,Paco de Lucia,Flamenco|西班牙|Guitar|Paco.de.Lucia|吉他|世界音乐|Instrumental|de,1990-10-25,https://music.douban.com/subject/1471604/,89
,Open Sesame,7.8,Whodini,Old-School-Rap|Hip-Hop|新部落|地狱咆哮|oldschool|hiphop|Old-School,1990-10-17,https://music.douban.com/subject/4238406/,11
,Gold,8.7,Paco de Lucía,Flamenco|你球土味|world|instrumental|flamenco|World|PacoDeLucía|Paco.De.Lucia,2005-09-05,https://music.douban.com/subject/3608937/,20
,Castro Marin,7.9,Paco de Lucia,Flamenco|PacoDeLucia|非常棒！|西班牙|手活儿不错┣▇▇▇═—|你球土味|xjc_jovi|World,1981-01-01,https://music.douban.com/subject/3644329/,17
,Plays Manuel de Falla,8.3,Paco de Lucía,Paco|Lucia|Flamenco|De|西班牙|World|PacoDeLucia|Instrumental,1991-05-13,https://music.douban.com/subject/1948677/,28
,Recital de Guitarra,9.1,Paco de Lucía,Flamenco|PacoDeLucia|PacoDeLucía|古典吉他|你球土味|Guitar,1991-12-12,https://music.douban.com/subject/21322316/,14
,Almoraima,9.3,Paco de Lucia,Flamenco|PacoDeLucia|guitarra|World|Jazz|Instrumental|西班牙|你球土味,1997-05-16,https://music.douban.com/subject/3024125/,34
,Siroco,9.1,Paco De Lucia,Flamenco|PacoDeLucia|guitar|PacoDeLucía|西班牙|xjc_jovi|jazz|World,2005-06-06,https://music.douban.com/subject/3204723/,30
,Zyryab,8.9,Paco de Lucia,Flamenco|西班牙|flamenco|PacoDeLucia|Fusion|吉它|你球土味|PacoDeLucía,1992-01-28,https://music.douban.com/subject/3098219/,18
,Sunshine of Your Love,8.1,Jimi Hendrix,JimiHendrix|Rock|美国|Psychedelic|blues|Jimi-Hendrix|摇滚|Blues-Rock,1996-11-21,https://music.douban.com/subject/1794263/,76
,Live At Woodstock,9.5,Jimi Hendrix,JimiHendrix|Psychedelic|Rock|blues|美国|woodstock|live|摇滚,1999,https://music.douban.com/subject/1477416/,322
,War Heroes,8.8,Jimi Hendrix,JimiHendrix|Psychedelic|Rock|Guitar|美国|Jimi-Hendrix|1993|Jimi,1993-01-01,https://music.douban.com/subject/3058537/,87
,Band Of Gypsys,9.1,Jimi Hendrix,JimiHendrix|Psychedelic|blues|Rock|Blues-Rock|美国|Live|Jimi_Hendrix,1998-01-13,https://music.douban.com/subject/1481848/,506
,BBC Sessions,9.1,The Jimi Hendrix Experience,JimiHendrix|Psychedelic|Rock|Live|美国|Blues-Rock|blues|Jimi_Hendrix,1999-06-18,https://music.douban.com/subject/1437577/,120
,Blue Wild Angel Live at the Isle of Wight,8.9,Jimi Hendrix,Jimi-Hendrix|Psychedelic|live|Rock|JimiHendrix|blues|Blues-Rock|Jimi_Hendrix,2002-11-12,https://music.douban.com/subject/1477456/,220
,South Saturn Delta,8.6,Jimi Hendrix,Psychedelic|JimiHendrix|美国|Blues-Rock|经典|Rock|Psychedelic-Rock|摇滚,1997-10-07,https://music.douban.com/subject/1667573/,49
,Jimi Hendrix: Live At Berkeley,8.9,Jimi Hendrix,JimiHendrix|Live|Psychedelic|美国|Rock|摇滚|Blues-Rock|吉他,2003-09-16,https://music.douban.com/subject/1859249/,78
,Blue Wild Angel: Jimi Hendrix Live at the Isle of Wight,8.2,Jimi Hendrix,JimiHendrix|摇滚|Live|经典|美国|声迷影幻┣▇▇▇═—|啊！吉米|blues-rock-experimental,2002-11-12,https://music.douban.com/subject/3524951/,37
行星波动,Planet Waves,8.4,Bob Dylan,BobDylan|美国|folk|民谣|Folk|1974|Rock|Bob_Dylan,1974-01-17,https://music.douban.com/subject/1783889/,507
,Good as I Been to You,8.3,Bob Dylan,bobDylan|BobDylan|folk|Folk|1992|美国|民谣|Bob_Dylan,1992,https://music.douban.com/subject/1394552/,237
,Saved,8.1,Bob Dylan,BobDylan|Folk|Folk-Rock|1980|美国|民谣|rock|dylan,1980-06-20,https://music.douban.com/subject/1470002/,234
,Under the Red Sky,8.1,Bob Dylan,BobDylan|Folk|BOBDYLAN|美国|1990|Folk-Rock|Bob_Dylan|民谣,1990,https://music.douban.com/subject/1458561/,275
,Infidels,8.1,Bob Dylan,BobDylan|Folk|1983|Rock|美国|Bob_Dylan|民谣|Dylan,1983,https://music.douban.com/subject/1632397/,321
,Street Legal,8.2,Bob Dylan,BobDylan|美国|folk|1978|Rock|Folk-Rock|民谣|Folk,1978,https://music.douban.com/subject/1440020/,379
,Shot of Love,8.1,Bob Dylan,BobDylan|folk|Folk-Rock|1981|美国|民谣|Bob_Dylan|Rock,1990-05-29,https://music.douban.com/subject/1604566/,244
,Knocked Out Loaded,7.3,Bob Dylan,BobDylan|folk|1986|美国|Folk-Rock|Rock|Bob_Dylan|民谣,1986,https://music.douban.com/subject/2041991/,124
,Down in the Groove,8.1,Bob Dylan,BobDylan|folk|1988|美国|Folk-Rock|Rock|Folk|民谣,1990-10-25,https://music.douban.com/subject/2258926/,167
,On the Sunny Side,7.9,Paul Quinichette,ojc|Jazz|jazz|PaulQuinichette|bop|OnTheSunnySide|OJC|JAZZ,1957,https://music.douban.com/subject/2034102/,20
,Jazz For The Carriage Trade,7.1,The George Wallington Quintet,Jazz|OJC|爵士|下载|ojc|H|Bop|Be-Bop,2006-08-07,https://music.douban.com/subject/2983230/,12
,At Storyville,8.6,Lee Konitz,Jazz|Black-Lion|爵士|STORYVILLE|LennieTristano|LeeKonitz|H|@2017,1954,https://music.douban.com/subject/3237032/,17
,Folk Jazz,7.4,Bill Smith,OJC|JimHall|Jazz|Clarinet|ShellyManne|Guitar|BillSmith|美国,2003-04-22,https://music.douban.com/subject/1825866/,13
,That's Right!: Nat Adderley & The Big Sax Section,8.7,Nat Adderley,Jazz|OJC|ojc|NatAdderley|Hard-Bop|神作|神|硬波谱,1994-01-15,https://music.douban.com/subject/2299619/,22
,Blues Up and Down,8.8,"Eddie ""Lockjaw"" Davis","Jazz|Hard-Bop|bop|TenorBattle|RiversideRecords,|JohnnyGriffin,|JohnnyGriffin|EddieLockjawDavis",2000-10-10,https://music.douban.com/subject/2350375/,15
,Blue's Moods,9.0,Blue Mitchell,Jazz|BlueMitchell|Hard-Bop|ojc|爵士|OJC|Blue.Mitchell|'60-'64名盤,1994-10-21,https://music.douban.com/subject/2040698/,81
,West Coast Blues!,9.0,Harold Land,Jazz|OJC|HaroldLand|爵士|xjc_jovi|Montgomery|MUSIC-Timeless|ojc,1996-07-16,https://music.douban.com/subject/2040026/,28
,Nice and Easy: The Soulful Vibes of Johnny Lytle,7.7,Johnny Lytle,ojc|Lytle|Johnny|Jazz|电颤琴|清新|Vibraphone|OJC,1999-03-09,https://music.douban.com/subject/2280024/,11
,,,,,,,
,,,,,,,
,,,,,,,
,,,,,,,
,,,,,,,
,,,,,,,
,,,,,,,
,,,,,,,
,,,,,,,
,,,,,,,
,,,,,,,
,B-Sides,8.8,Damien Rice,DamienRice|Folk|爱尔兰|Indie|民谣|米叔|欧美|indie,2004-10-25,https://music.douban.com/subject/3678345/,337
爸爸你去哪里呀?,Where Did You Go?,7.0,可润·安 Keren Ann,KerenAnn|女声|法国|小吃|Sentimental|Pop|L'Illusionniste|2016,2016-01-15,https://music.douban.com/subject/26714107/,22
爱终将到来,You're Gonna Get Love,7.3,Keren Ann,2016|法国|KerenAnn|Folk|欧美|小吃|女声|indie,2016-3-10,https://music.douban.com/subject/26746334/,13
,La Disparition-La Biographie De L,8.8,,KerenAnn|法国|民谣|Folk|女声|Keren|Ann|欧美,2005-10-04,https://music.douban.com/subject/1797512/,44
,Not Going Anywhere,9.4,KEREN ANN,kerenAnn|Folk|法国|小清新|KerenAnn|民谣|欧美|来自灵魂,2005-09-05,https://music.douban.com/subject/3805210/,311
,La Biographie/La Disparition,9.0,,法国|KerenAnn|法语|民谣|欧美|女歌手|女声|大餐,2005-09-20,https://music.douban.com/subject/1458167/,16
,Nolita,8.3,Keren Ann,KerenAnn|民谣|法国|Folk|欧美|女声|来自灵魂|女歌手,2005-03-15,https://music.douban.com/subject/3769526/,126
,Keren Ann,8.8,Keren Ann,KerenAnn|民谣|法国|folk|女声|温柔地扼杀灵魂|2007|欧美,2007-06-04,https://music.douban.com/subject/4922342/,513
,Lay Your Head Down,8.8,Keren Ann,KerenAnn|Folk|2007|法国|小吃|女声,2007-02-19,https://music.douban.com/subject/23368491/,18
,101,8.0,Keren Ann,KerenAnn|法国|Folk|民谣|欧美|温柔地扼杀灵魂|tirp-hop|英国,2011-04-04,https://music.douban.com/subject/6021691/,75
,Shine On (Live),8.7,Pink Floyd,PinkFloyd|Live|迷幻|psychedelic|英国|2009|摇滚|live,2009,https://music.douban.com/subject/4183679/,116
,Cruel But Fair,8.3,平克·佛洛依德 Pink Floyd,PinkFloyd|Live|英国|Rock|摇滚|Psychedelic|Bootleg|现场,1975-04-26,https://music.douban.com/subject/6878032/,62
Live 8 · July 2 2005 · Hyde Park · London,U·n·i·t·e·d (Live CD),9.3,Pink Floyd,PinkFloyd|Live|摇滚|Pink_Floyd|英国|Rock|Psychedelic|2011,2011年01月01日,https://music.douban.com/subject/6065236/,73
,If You Were A Blue Bird,8.2,平克·佛洛依德 Pink Floyd,PinkFloyd|Live|摇滚|Psychedelic|英国|UK|平克弗洛伊德乐队|psychedelic,1995年01月01日,https://music.douban.com/subject/10472969/,58
,Soul Junction,8.5,Red Garland Quintet,Jazz|Hard-Bop|RedGarland|JohnColtrane|OJC|爵士|美国|Red_Garland,1991-07-01,https://music.douban.com/subject/1939453/,65
,Pieces of a Man,9.4,Gil Scott-Heron,Soul|Jazz|Funk|Jazz-Funk|GilScott-Heron|美国|R&B|soul,1971-01-01,https://music.douban.com/subject/2994978/,225
,Andromeda,8.8,Gorillaz|D.R.A.M.,Gorillaz|2017|Electronic|Single|英国|UK|D.R.A.M.|Alternative,2017-03-24,https://music.douban.com/subject/27003074/,204
,I Get Around,7.9,Keren Ann|Hugh Coltman|Tom McRae|Rosemary Moriarty,KerenAnn|2010|RosemaryMoriarty|HughColtman|非常棒！|英语|法国|小吃,2010年7月12日,https://music.douban.com/subject/5374994/,21
,Nolita/Not Going Anywhere,9.2,Keren Ann,KerenAnn|法国|Folk|民谣|indie|FRANCE|另类民谣|音乐,2005-09-20,https://music.douban.com/subject/1752328/,555
,"Ooh La La [DISC 2] [12"" VINYL]",7.9,Goldfrapp,Electronic|Goldfrapp|女声|欧美|Vincent|TripHop|2005,2005-08-22,https://music.douban.com/subject/6429588/,22
,Not going anywhere,9.3,Keren Annケレン・アン,kerenAnn|法国|民谣|欧美|Folk|Keren.Ann|Keren_Ann|2005,2005年03月30日,https://music.douban.com/subject/3872605/,129
,Keren Ann,9.2,Keren Ann,KerenAnn|法国|民谣|来自灵魂|Folk|indie|Keren.Ann|欧美,2008-06-03,https://music.douban.com/subject/3336899/,240
KEREN ANN / Where No Endings End,Keren Ann,9.2,凯伦安|Keren Ann,KerenAnn|法国|民谣|folk|女声|Indie|Keren.Ann|Keren_Ann,2007-06-04,https://music.douban.com/subject/3077454/,1537
失踪,La Disparition,9.8,Keren Ann,KerenAnn|法国|Folk|Indie|2002|欧美|女声|Chanson,2002-10-22,https://music.douban.com/subject/3914511/,71
,Not Going Anywhere,9.3,Keren Ann,KerenAnn|法国|女声|folk|Folk|欧美|民谣|来自灵魂,2004-10-18,https://music.douban.com/subject/3818555/,272
爱的再告白,Oops!... I Did It Again,8.0,Britney Spears,BritneySpears|Pop|欧美|美国|流行|2000|布兰妮|Britney,2000-05-16,https://music.douban.com/subject/1786806/,5068
,The Early Singles,8.8,Pink Floyd,PinkFloyd|Psychedelic|英国|psychedelic-rock|Compilation|迷幻|art-rock|摇滚,1992,https://music.douban.com/subject/3214265/,123
,Under Construction,8.9,Pink Floyd,PinkFloyd|摇滚|英国|Rock|Demo|psychedelic|迷幻|psychedelic-rock,1978,https://music.douban.com/subject/2276620/,132
,Cambridge St/ation  1965-1967,8.8,Pink Floyd,PinkFloyd|Psychedelic|Live|英国|Rock|2017|合辑|UK,2017-03-24,https://music.douban.com/subject/27003177/,32
,To Kill the Child/Leaving Beirut,8.4,Roger Waters,RogerWaters|PinkFloyd|英国|Rock|EP|MSIMusicDistribution|Leaving.Beirut|2005,2005-10-11,https://music.douban.com/subject/1888862/,35
,Still Becoming Apart,7.9,Smashing Pumpkins,SmashingPumpkins|EP|2000s|美国|SP|Rock|Alternative,2000,https://music.douban.com/subject/3824891/,16
,Remember That Night,9.9,David Gilmour,Live|DavidGilmour|PinkFloyd|摇滚|Rock|英国|Progressive-Rock|2007,,https://music.douban.com/subject/3283045/,158
,In Concert,9.2,大卫·吉尔莫  David Gilmour,Live|DavidGilmour|PinkFloyd|英国|摇滚|Prog-Rock|ArtRock|2002,2002-11-25,https://music.douban.com/subject/20488311/,71
,My Uncle Is Sick Because The Highway Is Green,8.5,Pink Floyd,PinkFloyd|英国|现场|摇滚|NO-AMG,1994-01-01,https://music.douban.com/subject/25887711/,17
,Complete Concertgebouw 1969,9.5,Pink Floyd,ProgressiveRock|英国|psychedelic-rock|progressive-rock|art-rock|Psychedelic|Live|Bootleg,1969,https://music.douban.com/subject/3286915/,11
,Reverber/ation 1971,8.3,Pink Floyd,PinkFloyd|英国|现场|摇滚|合辑|Rock|Psychedelic|2017,2017-03-24,https://music.douban.com/subject/27003178/,12
,The Pink Floyd Tribute Show,9.4,Brit Floyd,PinkFloyd|英国|翻唱|现场|摇滚|psychedelic-rock|progressive-rock|art-rock,2011-12-06,https://music.douban.com/subject/10468249/,25
,Until We Sleep,8.9,David Gilmour,DavidGilmour|Live|英国|摇滚|ProgressiveRock|PinkFloyd|现场|UK,1991-01-01,https://music.douban.com/subject/20488306/,14
,Pink Floyd Sampler,9.1,Pink Floyd,PinkFloyd|迷幻|英国|Psychedelic|摇滚|UK|摇滚|Rock|tintin_huang2004@hotmail.com,2011-09-27,https://music.douban.com/subject/10434370/,65
,The Marshall Mathers LP,9.0,Eminem,Eminem|rap|hip-hop|美国|Hip-Hop|欧美|2000|说唱,2000,https://music.douban.com/subject/1417976/,5516
,那么骄傲,8.1,金海心,金海心|内地|那么骄傲|女声|流行|pop|华语|大陆,2000,https://music.douban.com/subject/1402146/,5610
,冷酷到底,8.0,羽泉,羽泉|流行|初中|2000|Pop|华语,2000-09,https://music.douban.com/subject/6553772/,340
还是会寂寞,还是会寂寞,9.0,陈绮贞,陈绮贞|台湾|还是会寂寞|indie|独立音乐|陳綺貞|cheer|民谣,2000,https://music.douban.com/subject/1394547/,47228
黄色,Yellow,9.3,Coldplay,coldplay|英伦摇滚|yellow|Coldplay|Brit-pop|摇滚|英伦|英国,2000-07-03,https://music.douban.com/subject/1458367/,33296
,信仰,8.2,张信哲,张信哲|台湾|信仰|流行|华语|pop|男歌手|阿哲,2000,https://music.douban.com/subject/1402066/,6297
,Kid A,8.6,Radiohead,radiohead|Brit-Pop|Radiohead|britpop|英国|电子|英伦|electronic,2000,https://music.douban.com/subject/1397189/,14049
Waiting for You,我等你,8.4,刘若英,刘若英|台湾|我等你|奶茶|流行|华语|pop|女声,2000,https://music.douban.com/subject/1437756/,8146
,爱情万岁,9.2,五月天,五月天|台湾|爱情万岁|2000|华语|五颗星是不够的！|摇滚|Rock,2000-07-07,https://music.douban.com/subject/10515439/,5290
,可爱女人,9.2,周杰伦 Jay Chou,周杰伦|周式情歌|台湾|华语|周杰倫|流行|2000|R&B,2000-11-07,https://music.douban.com/subject/30336624/,700
,Jay,9.2,周杰伦,周杰伦|JAY|台湾|流行|Pop|R&B|华语|男歌手,2000,https://music.douban.com/subject/2975792/,12312
,Parachutes,9.0,Coldplay,coldplay|Coldplay|Brit-Pop|英伦|英伦摇滚|britpop|英国|摇滚,2000-07-10,https://music.douban.com/subject/1463061/,50591
,相思,9.2,毛阿敏 Amin Mao,毛阿敏|西游记后传|相思|影视原声|女歌手|华语|OST|电视原声,2000,https://music.douban.com/subject/30311487/,2629
,勇气,8.3,梁静茹,梁静茹|好听|马来西亚|台湾|华语|2000|重复|鱼姐,2000-08-02,https://music.douban.com/subject/27064976/,809
孙燕姿同名专辑,Yan Zi,9.0,孙燕姿,孙燕姿|台湾|新加坡|流行|POP|stefanie|华语|yanzi,2000-06-08,https://music.douban.com/subject/1405022/,31351
My Desired Happiness,我要的幸福,8.9,孙燕姿,孙燕姿|我要的幸福|台湾|流行|Pop|新加坡|华语|Stefanie,2000-12-7,https://music.douban.com/subject/1405028/,54989
,寓言,9.3,王菲,王菲|寓言|香港|Faye|林夕|Pop|流行|华语,2000,https://music.douban.com/subject/1402531/,60188
,勇气,8.5,梁静茹 Fish,梁静茹|勇气|台湾|流行|华语|女声|马来西亚|女歌手,2000-08-02,https://music.douban.com/subject/1428604/,27838
,Jay,8.9,周杰伦,周杰伦|Jay|台湾|R&B|流行|华语|Pop|2000,2000-11-13,https://music.douban.com/subject/1422300/,74112
,I Was Made for Lovin' You,8.4,Maria Mena,MariaMena|欧美,2009-08-11,https://music.douban.com/subject/3873044/,13
,Not Going Anywhere Bonus Tracks E.P.,9.0,Keren Ann,kerenAnn|法国|folk|民谣|indie|KerenAnn|女声|Folk,2006-06-07,https://music.douban.com/subject/3287127/,364
守候,Not Going Anywhere,8.9,Keren Ann,kerenAnn|民谣|法国|folk|女声|indie|欧美|Keren,2004-08-24,https://music.douban.com/subject/1394765/,61784
,Nolita-Special Edition,8.1,,Indie|Folk|KerenAnn|女声|法国|独立|民谣|Nolita,2005-10-11,https://music.douban.com/subject/1451769/,57
爱终将到来,You're Gonna Get Love,6.8,Keren Ann,法国|2016|KerenAnn|Folk|Indie|女声|民谣|Keren_Ann,2016-04-01,https://music.douban.com/subject/26746332/,203
金刚狼3：殊死一战电影原声,Logan (Original Motion Picture Soundtrack),7.6,马可·白爪米 Marco Beltrami,OST|2017|美国|Soundtrack|电影原声|MarcoBeltrami|原声|欧美,2017-03-10,https://music.douban.com/subject/26980788/,286
,Sailor And Widow,9.1,Keren Ann,KerenAnn|Folk|法国|女声|Indie|2003|民谣|英语,2003年10月27日,https://music.douban.com/subject/5376591/,61
爱终将到来,You're Gonna Get Love: Limited Edition,6.8,Keren Ann,KerenAnn|法国|Indie|2016|欧美|Folk|英语|独立女声,2016-04-01,https://music.douban.com/subject/26746333/,24
岛屿,Islands,9.0,King Crimson,KingCrimson|Progressive-Rock|英国|Prog-Rock/ArtRock|prog-rock|1971|Rock|progressive,1971,https://music.douban.com/subject/1458449/,1158
,Nursery Cryme,8.0,Genesis,Progressive-Rock|Genesis|英国|progressive|genesis|prog-rock|1971|前卫/艺术摇滚,1994-09-20,https://music.douban.com/subject/1468631/,245
,Pawn Hearts,8.4,Van Der Graaf Generator,Progressive-Rock|VanDerGraafGenerator|1971|英国|prog-rock|progressive|Experimental|Psychedelic,2005-06-14,https://music.douban.com/subject/1752154/,176
,Master of Reality,9.1,Black Sabbath,BlackSabbath|Heavy-Metal|英国|Doom-Metal|metal|Metal|1971|重金属,1971,https://music.douban.com/subject/1433681/,1115
,The Man Who Sold the World,8.9,David Bowie,DavidBowie|英国|glam-rock|摇滚|UK|迷幻|rock|Rock,1971,https://music.douban.com/subject/1449963/,3191
谁是下一个,Who's Next,9.0,The Who,TheWho|rock|英国|Rock|BritPop|摇滚|英伦|1971,1971,https://music.douban.com/subject/1437579/,3267
,Fragile,8.9,Yes,Yes|Progressive-Rock|英国|ProgressiveRock|Rock|Prog-Rock/ArtRock|1971|rock,1994-08,https://music.douban.com/subject/1432368/,1237
,Maggot Brain,9.2,Funkadelic,Funk|Funkadelic|Psychedelic|Soul|Psychedelic-Soul|美国|1971|Funk/Soul,1971,https://music.douban.com/subject/1417520/,882
,Tago Mago,8.9,Can,Can|Experimental|德国|krautrock|Psychedelic|Krautrock|1971|迷幻,1971,https://music.douban.com/subject/1402064/,1551
,Paranoid,9.3,Black Sabbath,BlackSabbath|Metal|英国|Heavy-metal|重金属|Heavy-Metal|黑色安息日|Rock,1970,https://music.douban.com/subject/1431603/,3385
,Just as I Am,9.1,Bill Withers,Soul|BillWithers|Blues|Jazz|soul|美国|Funk|1971,2005-10-11,https://music.douban.com/subject/2360856/,191
怎么了,What's Going On,9.1,Marvin Gaye,soul|MarvinGaye|Soul|美国|Marvin_Gaye|1971|R&B|r&b,1971,https://music.douban.com/subject/1419551/,3190
小偷小摸,Sticky Fingers,9.0,Rolling Stones,TheRollingStones|RollingStones|Blues-Rock|英国|Rock|rock|1971|摇滚,1971,https://music.douban.com/subject/1418175/,2245
,Blue,9.1,Joni Mitchell,JoniMitchell|Folk|民谣|加拿大|1971|女声|jazz|Joni_Mitchell,1971-06-01,https://music.douban.com/subject/1404839/,4275
,風街ろまん,8.4,Happy End,日本|細野晴臣|J-Rock|1971|HappyEnd|はっぴいえんど|J-Pop|Rock,2002-09-11,https://music.douban.com/subject/1663690/,901
,Hunky Dory,9.1,David Bowie,DavidBowie|英国|glam-rock|UK|Rock|rock|1971|Glam-Rock,1971,https://music.douban.com/subject/1438204/,3547
,Tapestry,8.9,Carole King,Folk|CaroleKing|民谣|美国|1971|Carole_King|女声|欧美,1971,https://music.douban.com/subject/1395444/,2096
,Led Zeppelin IV,9.3,Led Zeppelin,Led.Zeppelin|LedZeppelin|rock|摇滚|英国|经典|Rock|metal,1971,https://music.douban.com/subject/1418339/,9706
,That's Him!,9.2,Abbey Lincoln,Jazz|AbbeyLincoln|JAZZ|美国|Vocal-Jazz|SonnyRollins|KennyDorham|爵士,1991-07-01,https://music.douban.com/subject/2993051/,18
,Only Trust Your Heart,8.2,Toots Thielemans,TootsThielemans|口琴|Jazz|欧美|纯音乐|jazz|比利时|合辑,1990-10-25,https://music.douban.com/subject/2002586/,18
,The Soul Explosion,7.9,Illinois Jacquet,Jazz|Soul-Jazz|IllinoisJacquet|美国|xjc_jovi|ojc|Rhythm_Blues|OJC,1969-3-25,https://music.douban.com/subject/2063671/,29
,Sadness,9.6,Enigma,Enigma|德国|xjc_jovi|MUSIC-Timeless,,https://music.douban.com/subject/3307348/,17
,Desafios,8.2,Omara Portuondo & Chucho Valdes,古巴|Jazz|Son|Latin|拉美|女声|二次|xjc_jovi,1999-02-09,https://music.douban.com/subject/1456786/,14
,Friends Seen and Unseen,7.9,Charlie Hunter Trio,Jazz|Funk|CharlieHunter|爵士|xjc_jovi|funk-jazz|MUSIC-Timeless|Jazz山,2004-05-06,https://music.douban.com/subject/1967152/,19
,Whole Lotta Love,9.6,Led Zeppelin,LedZeppelin|Rock|Hard-Rock|Heavy-Metal|欧美|英国|摇滚|led_zeppelin,2000-05-30,https://music.douban.com/subject/3359150/,96
,Junk Science,7.7,Deep Dish,House|Electronic|DeepDish|Progressive|美国|组合|电音|电子,1998-08-25,https://music.douban.com/subject/1772010/,29
,Red Earth,7.4,Dee Dee Bridgewater,jazz|爵士|DeeDeeBridgewater|女声|Jazz|非洲|民族的|国外,2007-08-28,https://music.douban.com/subject/2066920/,29
,Sonny's Time Now,8.9,Sonny Murray,Free-Jazz|Jazz|SonnyMurray|Avant-Garde|xjc_jovi|Diw|DIW|鼓神,1999-11-16,https://music.douban.com/subject/3435303/,13
,Landscape,8.3,Art Pepper,Jazz|ArtPepper|Ojc|Cool-Jazz|xjc_jovi|cool|Post-Bop|MUSIC-Timeless,1991-07-01,https://music.douban.com/subject/2256848/,25
,Smoking Blues,8.4,Pink Floyd,PinkFloyd|Psychedelic|摇滚|Rock|英国|Alternative|平克弗洛伊德乐队|UK,1969-11-21,https://music.douban.com/subject/10487012/,97
,,,,,,,
,No Bravery,8.9,James Blunt,JamesBlunt|英国|独立音乐|欧美|pop|Britpop|Brit-pop|2006,2006-04-18,https://music.douban.com/subject/1795930/,288
,All The Lost Souls-Tour Edition,9.0,James Blunt,JamesBlunt|英国|Pop|Britpop|英伦|欧美|Brit-pop|2008,2008-03-11,https://music.douban.com/subject/3066118/,2769
,Same Mistake pt. 2,9.4,James Blunt,JamesBlunt|英伦|Pop|英国|欧美|singer-songwriter|UK|mistake.,2007-12,https://music.douban.com/subject/2353084/,451
,Wisemen,9.2,James Blunt,JamesBlunt|英国|Pop|欧美|James_Blunt|Britpop|UK|Single,2006-03-20,https://music.douban.com/subject/1962477/,641
,"Goodbye My Lover, Pt. 1",9.3,James Blunt,JamesBlunt|英国|欧美|pop|Goodbye|James|Pop|lover,2005-12-26,https://music.douban.com/subject/1451724/,2036
,High,9.1,James Blunt,JamesBlunt|James.Blunt|英国|Brit-Pop|诗人|pop|欧美|少尉,2006-08-14,https://music.douban.com/subject/1451721/,1156
,,,,,,,
,,,,,,,
,,,,,,,
,,,,,,,
,,,,,,,
,,,,,,,
,,,,,,,
,1969 Dramatis/Ation,8.4,Pink Floyd,PinkFloyd|Psychedelic|摇滚|合辑|英国|Rock|Progressive-Rock,2017-03-24,https://music.douban.com/subject/27018678/,19
,1990,7.9,Daniel Johnston,Lo-Fi|1990|美国|DanielJohnston|Alternative/Indie-Rock|1990s|alternative|Indie-Rock,1990-01-01,https://music.douban.com/subject/3533022/,55
1984-1989李宗盛作品集,李宗盛作品集,9.2,李宗盛,李宗盛|台湾|李宗盛作品|民谣|流行|Pop|滚石|滚石的情歌时代,1990年,https://music.douban.com/subject/1790041/,1260
失落的靈魂,All The Lost Souls,9.2,"James Blunt",JamesBlunt|Pop|英国|上尉诗人|UK|James_Blunt|James|Blunt,,https://music.douban.com/subject/2366062/,198
,,,,,,,
,,,,,,,
,String Quartet Tribute to James Blunt,9.1,Various Artists,JamesBlunt|英伦|James.Blunt|POP|英国|欧美|James_Blunt|悲情,2006-06-06,https://music.douban.com/subject/1777144/,519
,,,,,,,
,,,,,,,
,,,,,,,
,,,,,,,
,,,,,,,
,,,,,,,
,,,,,,,
,,,,,,,
,,,,,,,
,,,,,,,
,,,,,,,
,Hammersmith Apollo - 14Th January 2008,9.6,James Blunt,JamesBlunt|英伦|Live|欧美|爵士诗人|Pop|James_Blunt|英国,2010-01,https://music.douban.com/subject/3215616/,318
,,,,,,,
,,,,,,,
,,,,,,,
,,,,,,,
,,,,,,,
,,,,,,,
,,,,,,,
,,,,,,,
不安于室,不安于室,9.3,詹姆仕·布朗特 (James Blunt),James_Blunt|JamesBlunt|英国|不安于室|欧美|忧郁之声|灵魂|摇滚,,https://music.douban.com/subject/2083173/,3252
,Love Love Love,8.1,James Blunt,JamesBlunt|Pop|英国|2008|欧美|James|Blunt|James.Blunt,2008-11-18,https://music.douban.com/subject/3294027/,169
,"Goodbye My Lover, Pt. 2",9.7,James Blunt,JamesBlunt|英国|2005|UK|James_Blunt|Brit-pop|欧美|Pop,2005-12-26,https://music.douban.com/subject/1465531/,78
,"Love, Love, Love",8.3,James Blunt,JamesBlunt|britpop|欧美|Single|英伦|POP|英国|流行,2008-11-09,https://music.douban.com/subject/3400460/,137
,High,9.4,James Blunt,JamesBlunt|英国|James_Blunt|Pop|欧美|2005|英文|对你的声音我没有抵抗力,2005-10-10,https://music.douban.com/subject/1451723/,66
,Carry You Home Pt. 1,8.8,James Blunt,JamesBlunt|英国|pop|2008|Pop|男声|britpop|UK,2008-03-25,https://music.douban.com/subject/3042464/,208
,"1973, Pt. 1",9.2,James Blunt,JamesBlunt|1973|Pop|英国|Single|James_Blunt|UK|Britpop,2007-09-10,https://music.douban.com/subject/2213209/,171
明月高悬,She Hangs Brightly,8.5,Mazzy Star,mazzystar|Dream-pop|迷幻|indie|女声|美国|Mazzy.Star|dreampop,1990,https://music.douban.com/subject/1395767/,5177
,难舍难分,8.7,谭咏麟,谭咏麟|香港|难舍难分|经典|华语|流行|1990|夜未央,1990,https://music.douban.com/subject/1408050/,591
,Everything,7.8,王靖雯,王菲|香港|1990|faye|粤语|流行|pop|女声,1990,https://music.douban.com/subject/1440542/,1494
,笑傲江湖-百无禁忌黃霑作品集,9.1,黃霑,黃霑|香港|OST|黄霑|华语|原声|电影原声|1990,1990,https://music.douban.com/subject/2276087/,979
双峰镇,Soundtrack from Twin Peaks,9.1,安杰洛·巴达拉曼蒂 Angelo Badalamenti,OST|AngeloBadalamenti|美国|soundtrack|1990|twin-peaks|电影原声|Angelo_Badalamenti,1990-08-31,https://music.douban.com/subject/1394972/,874
教父,The Godfather (1972 Film),9.4,Nino Rota,OST|电影原声|The_Godfather|意大利|NinoRota|美国|原声|soundtrack,1990,https://music.douban.com/subject/1417449/,3487
,The Immaculate Collection,9.1,Madonna,Madonna|Pop|1990|美国|精选|欧美|Collection|dance,1990,https://music.douban.com/subject/1419408/,1390
,Purple Rain,9.4,Prince,Prince|Funk|摇滚|Pop|美国|1990|欧美|funk,1990-07-13,https://music.douban.com/subject/3336206/,468
,珍重,8.7,叶倩文,叶倩文|粤语|香港|1990|山河故人|女声|流行|Pop,1990-4-1,https://music.douban.com/subject/3288711/,961
,You're the Only one,8.1,王靖雯,王菲|香港|粤语|faye|pop|1990|女声|流行,1990,https://music.douban.com/subject/1440537/,2104
,Nowhere,8.7,Ride,shoegaze|Shoegaze|ride|英国|shoegazing|UK|Ride|Britpop,1990,https://music.douban.com/subject/1394974/,3335
,执迷不悔,8.9,王菲,王菲|香港|1990|Shirley,2003-01-01,https://music.douban.com/subject/34565402/,82
Grasshopper's Club Broken Heart,失戀陣線聯盟,8.7,草蜢,草蜢|失恋阵线联盟|香港|经典|流行|经典粤语|Pop|华语,1990-10-18,https://music.douban.com/subject/3390997/,1237
,Goo,8.6,Sonic Youth,SonicYouth|Experimental|Noise|Alternative|美国|Rock|1990|Indie,1990,https://music.douban.com/subject/1431594/,2754
,我是一只小小鸟,8.5,赵传,赵传|我是一只小小鸟|台湾|经典|怀旧|流行|华语|Pop,1990,https://music.douban.com/subject/1484683/,1942
,Heaven or Las Vegas,8.8,Cocteau Twins,CocteauTwins|4AD|Dream-pop|英国|迷幻|1990|Dream-Pop|女声,2003-06-03,https://music.douban.com/subject/1395260/,3404
昨日重现,Yesterday Once More,9.6,Carpenters,经典|carpenters|欧美|民谣|美国|Folk|TheCarpenters|精选,1990-10-17,https://music.douban.com/subject/2284475/,8602
,,,,,,,
,,,,,,,
,Under My Skin,8.9,Avril Lavigne,AvrilLavigne|艾薇儿|加拿大|摇滚|欧美|朋克|Rock|女歌手,2004-05-12,https://music.douban.com/subject/6026391/,420
,Give You What You Like,8.8,Avril Lavigne,AvrilLavigne|欧美|Pop|加拿大|Avril_Lavigne|单曲|女声|OST,2015-02-10,https://music.douban.com/subject/25875753/,250
艾薇儿·拉维尼,Avril Lavigne,7.9,Avril Lavigne,AvrilLavigne|欧美|加拿大|摇滚|Rock|女声|2013|美国,2013-12-03,https://music.douban.com/subject/25821372/,356
,Fly,6.5,Avril Lavigne,AvrilLavigne|Pop|2015|欧美|Single|加拿大|单曲|女声,2015-04-16,https://music.douban.com/subject/26300671/,690
,Dumb Blonde,6.7,Avril Lavigne|Nicki Minaj,AvrilLavigne|NickiMinaj|欧美|Pop|2019|英文|流行|加拿大,2019-02-13,https://music.douban.com/subject/30457349/,2257
,dump blond,8.0,艾薇儿·拉维尼 Avril Lavigne|尼基·米纳杰  Nicki Minaj,艾薇儿|麻辣鸡|加拿大|美国|2010s|单曲|AvrilLavigne|CAN,2019-02-11,https://music.douban.com/subject/30460999/,222
,I Fell In Love With The Devil,7.5,艾薇儿·拉维尼 Avril Lavigne,AvrilLavigne|欧美|Pop|加拿大|2019|Single|女声|单曲,2019-06-28,https://music.douban.com/subject/34448435/,354
纯真,Innocence,9.3,Avril Lavigne,AvrilLavigne|艾薇儿|欧美|innocence|流行|爱|Single|加拿大,2007-04-17,https://music.douban.com/subject/27108099/,694
,Tell Me It's Over,6.5,Avril Lavigne,AvrilLavigne|Pop|2018|加拿大|艾薇儿|欧美|流行|Single,2018-12-12,https://music.douban.com/subject/30397604/,752
,Head Above Water,6.9,艾薇儿·拉维尼 Avril Lavigne,AvrilLavigne|2019|艾薇儿|欧美|Pop|加拿大|流行|英文,2019-02-15,https://music.douban.com/subject/30456842/,3206
,,,,,,,
,,,,,,,
,,,,,,,
,,,,,,,
,,,,,,,
天后再临,The Emancipation of Mimi - Platinum Edition,8.9,Mariah Carey,MariahCarey|Pop|欧美|美国|r&b|2005|Mariah_Carey|Mariah-Carey,2005-11-15,https://music.douban.com/subject/3111805/,230
心存相信,When You Believe From The Prince of Egypt,9.6,Mariah Carey & Whitney Houston,MariahCarey|WhitneyHouston|欧美|Pop|美国|OST|R&B|流行,1999-01-12,https://music.douban.com/subject/1477981/,2204
,B-Side,8.6,艾薇儿,AvrilLavigne|摇滚|欧美|Avril|艾薇儿|加拿大|Punk|2005,2005年09月,https://music.douban.com/subject/3786040/,183
,,,,,,,
,Avril Lavigne - Here’s To Never Growing Up (SINGLE),7.6,Avril Lavigne,AvrilLavigne|加拿大|Rock|Pop|2013|欧美|艾薇儿|欧美EP,,https://music.douban.com/subject/24875422/,138
,,,,,,,
,,,,,,,
,Girlfriend,8.3,Avril Lavigne,AvrilLavigne|欧美|Rock|Single|Punk|Pop|2007|Lavigne,2007-07-10,https://music.douban.com/subject/2373936/,88
,The Best Damn Thing/Under My Skin,8.9,Avril Lavigne,AvrilLavigne|Rock|欧美|Punk|Pop|女声|艾薇儿·拉维尼|加拿大,2009-10-12,https://music.douban.com/subject/25722348/,65
,When You're Gone,9.1,Avril Lavigne,AvrilLavigne|欧美|Punk|Rock|Avril_Lavigne|Avril|2007|Pop,2007-07-02,https://music.douban.com/subject/3788667/,267
,,,,,,,
,,,,,,,
,,,,,,,
,,,,,,,
,,,,,,,
,,,,,,,
,,,,,,,
,MTV Unplugged,9.7,Mariah Carey,MariahCarey|Live|Pop|美国|欧美|流行|女歌手|unplugged,2008-02-18,https://music.douban.com/subject/3339884/,96
,,,,,,,
,,,,,,,
,,,,,,,
穿越风雨,"Through the Rain, Pt. 1",9.0,Mariah Carey,MariahCarey|R&B|欧美|POP|美国|单曲|Mariah|2002,2002-12-17,https://music.douban.com/subject/1457864/,403
,Reflection,9.1,Christina Aguilera,ChristinaAguilera|Pop|欧美|美国|ost|经典|Single|女声,1999-09-02,https://music.douban.com/subject/1865936/,1433
不会操远/性爱英雄/在那儿操我,Never Too Far,9.1,Mariah Carey,MariahCarey|欧美|Pop|R&B|Mariah|Too|Far|美国,2001-12-11,https://music.douban.com/subject/1757249/,535
,One Sweet Day,9.2,Mariah Carey|Boyz II Men,MariahCarey|R&B|Boyz.II.Men|美国|Pop|BoyzIIMen|欧美|1995,1995-11-14,https://music.douban.com/subject/1759317/,831
,Get Your Number/Shake It Off,8.8,Mariah Carey,MariahCarey|R&B|2005|欧美|女声|Pop|女聲|女歌手,2005-10-11,https://music.douban.com/subject/3388260/,28
天后再临,The Emancipation of Mimi,8.7,Mariah Carey,MariahCarey|Pop|欧美|R&B|2005|女声|Mimi|美国音乐,2005-04-12,https://music.douban.com/subject/3803619/,118
不完美天使回忆录,Memoirs of an Imperfect Angel,8.3,Mariah Carey,"MariahCarey|Mariah-Carey|R&B|欧美|2009|美国|Pop|R&B,Soul",2009-08-25,https://music.douban.com/subject/3833238/,130
天后再临,The Emancipation of Mimi,8.9,Mariah Carey,MariahCarey|欧美|2007|女声|Pop|美国|R&B|Mariah_Carey,2007-04-24,https://music.douban.com/subject/3560438/,73
,"Don't Forget About Us, Pt. 2",9.1,Mariah Carey,MariahCarey|R&B|Single|美国|欧美|女声|单曲|Single/EP,2006-01-10,https://music.douban.com/subject/2335709/,49
,Breakdown,8.8,Mariah Carey,MariahCarey|R&B|Pop|欧美|美国|女声|单曲|Mariah-Carey,1998-03-24,https://music.douban.com/subject/3348726/,177
天后再临,The Emancipation of Mimi - Ultra Platinum Edition [CD/DVD Combo],8.9,Mariah Carey,MariahCarey|R&B|美国|欧美|pop|女声|2005|流行,2005-11-15,https://music.douban.com/subject/1458581/,224
,Get Your Number / Shake It Off,8.6,Mariah Carey,MariahCarey|R&B|Single|2005|美国|Mariah-Carey|女声|Urban,,https://music.douban.com/subject/3311505/,74
,Dreamlover,9.0,Mariah Carey,MariahCarey|Pop|R&B|美国|欧美|1993|欧美流行R&B|Single,1993-07-27,https://music.douban.com/subject/1862420/,298
,,,,,,,
,,,,,,,
,,,,,,,
,,,,,,,
,We Are Warriors,6.8,艾薇儿·拉维尼 Avril Lavigne,AvrilLavigne|欧美|加拿大|2020|欧美(AvrilLavigne)|单曲|Pop|女歌手,2020-04-24,https://music.douban.com/subject/35044411/,188
浴火重生,Head Above Water,7.5,艾薇儿·拉维尼 Avril Lavigne,AvrilLavigne|2019|欧美|Pop|Avril_Lavigne|加拿大|摇滚|ⅤⅤ回归专辑,2019-02-15,https://music.douban.com/subject/30456582/,633
,We Are Warriors,6.0,Avril Lavigne,AvrilLavigne|2020|艾薇儿拉维尼|Single|欧美|单曲|加拿大|Warriors,2020-04-24,https://music.douban.com/subject/35044622/,61
,Complicated,9.2,Avril Lavigne,AvrilLavigne|Punk|欧美|rock|Pop|加拿大|艾薇儿|Avril_Lavigne,2002-09-03,https://music.douban.com/subject/1767021/,364
,Here's To Never Growing Up,7.1,Avril Lavigne,AvrilLavigne|2013|Pop|加拿大|Rock|欧美|女声|单曲,2013-05-14,https://music.douban.com/subject/25720068/,53
,Complicated,9.3,Avril Lavigne,AvrilLavigne|艾薇儿|欧美|Punk|Rock|加拿大|女声|2003,,https://music.douban.com/subject/25722352/,363
,I Fell In Love With The Devil (Radio Edit),8.1,艾薇儿·拉维尼 Avril Lavigne,AvrilLavigne|单曲|加拿大|CAN|2019,2019-06-28,https://music.douban.com/subject/34448390/,33
,,,,,,,
,7 rings,7.6,Ariana Grande,ArianaGrande|欧美|Pop|2019|美国|R&B|流行|Trap,2019-01-18,https://music.douban.com/subject/30435649/,6663
,365,6.4,Zedd|Katy Perry,KatyPerry|Zedd|2019|欧美|Electronic|Pop|美国|Single,2019-02-14,https://music.douban.com/subject/30450855/,2116
,Here's To Never Growing Up,7.4,Avril Lavigne,AvrilLavigne|欧美|Pop|2013|加拿大|Single|女声|Single/EP,2013-04-09,https://music.douban.com/subject/24697205/,2625
,Let Me Go (feat. Chad Kroeger),7.0,Avril Lavigne,AvrilLavigne|2013|Pop|欧美|Single|加拿大|ChadKroeger|Rock,2013-10-15,https://music.douban.com/subject/25742561/,733
,Get Over Me (feat. Avril Lavigne),7.0,Nick Carter,Pop|AvrilLavigne|欧美|2015|Single|美国|NickCarter|流行,2015-11-25,https://music.douban.com/subject/26669965/,51
,Avril Lavigne,6.5,Avril Lavigne,AvrilLavigne|Pop|2013|加拿大|欧美|Rock|女声|欧美音乐,2013-11-05,https://music.douban.com/subject/25728316/,3209
,Knockin' on Heaven's Door,7.5,Avril Lavigne,AvrilLavigne|欧美|加拿大|Single|Pop|翻唱|Teen-Pop|Avril_Lavigne,2003,https://music.douban.com/subject/25770312/,54
,Head Above Water (feat. We The Kings),8.0,Avril Lavigne|We the Kings,AvrilLavigne|欧美|WeTheKings|2019|美国|Pop|加拿大|Single,2019-08-30,https://music.douban.com/subject/34815682/,97
,Fall To Pieces,8.7,Avril Lavigne,AvrilLavigne|Punk|加拿大|Pop|Rock|2005|Single|欧美,2005,https://music.douban.com/subject/4256139/,212
,Push,7.3,Avril Lavigne,AvrilLavigne|2012|欧美|Pop|加拿大|Single|Single/EP|摇滚,2012,https://music.douban.com/subject/10519709/,121
,17,7.4,Avril Lavigne,AvrilLavigne|2013|Pop|欧美|Single|加拿大|Avril|女声,2013-09-09,https://music.douban.com/subject/25722371/,258
,"Keep Holding On (From ""Eragon"")",8.5,Avril Lavigne,AvrilLavigne|2006|加拿大|pop|Punk|Rock|欧美|Avril_Lavigne,2006-11-24,https://music.douban.com/subject/4924032/,228
,Rock N Roll CD-single (2013) - AVRIL LAVIGNE,7.5,AVRIL LAVIGNE,AvrilLavigne|Rock|Pop|2013|Single|欧美|加拿大|女声,,https://music.douban.com/subject/25714536/,64
,Mobile,8.5,Avril Lavigne,AvrilLavigne|2003|Single|Pop|加拿大|欧美|女声|√网易云音乐（听）,2003-05-11,https://music.douban.com/subject/25768563/,42
,艾薇儿:我的小小世界,9.0,艾薇儿,AvrilLavigne|Avril|艾薇儿|我的小小世界|pop-punk|欧美|我喜欢|流行音乐,,https://music.douban.com/subject/6553272/,150
,The Best Damn Thing,8.3,艾薇儿·拉维尼 Avril Lavigne,女声|Punk|Avril|千千静听|加拿大|AvrilLavigne|2007,2007-08-28,https://music.douban.com/subject/25748009/,55
,Don't Tell Me,8.2,Avril Lavigne,AvrilLavigne|加拿大|Punk|欧美|摇滚|Rock|Pop|2004,2004-05-10,https://music.douban.com/subject/1797905/,36
,Love Is A Battlefield (Oprah Show),8.5,艾薇儿·拉维尼 Avril Lavigne|派特·麦席尼 Pat Metheny,AvrilLavigne|艾薇儿|欧美|Avril|朋克|摇滚|加拿大|Single,2011-04-13,https://music.douban.com/subject/6113829/,29
Avril Lavigne:Goodbye Lullaby,艾薇儿•拉维尼：再见摇篮曲,8.5,Avril Lavigne,AvrilLavigne|欧美|摇滚|艾薇儿|Punk|Avril|很不错的一张专辑|rock,2011-04-03,https://music.douban.com/subject/6556630/,1197
,Smile,8.3,艾薇儿·拉维尼 Avril Lavigne,AvrilLavigne|2011|欧美|Pop|Rock|加拿大|Single|AVRIL,2011-03-08,https://music.douban.com/subject/6308449/,337
,艾薇儿:展翅高飞,9.4,艾薇儿 (Avril Lavigne),AvrilLavigne|艾薇儿|欧美|摇滚|加拿大|展翅高飞|rock|Avril,,https://music.douban.com/subject/6552498/,379
再见摇篮曲,Goodbye Lullaby,8.5,艾薇儿·拉维尼 Avril Lavigne,AvrilLavigne|艾薇儿|加拿大|欧美|摇滚|Pop|Punk|2011,2011-04-15,https://music.douban.com/subject/6314093/,427
,Through The Rain,9.1,Mariah Carey,MariahCarey|欧美|R&B|美国|pop|2003|rain|Through,2003-02-04,https://music.douban.com/subject/1455615/,1342
一无所有,I Have Nothing,9.5,惠特尼·休斯顿 Whitney Houston,WhitneyHouston|欧美|R&B|美国|Pop|女声|1993|Single,1993-02-15,https://music.douban.com/subject/1890012/,463
我依然相信,I Still Believe,9.2,Mariah Carey,MariahCarey|欧美|R&B|Pop|美国|IStillBelieve|单曲|流行,1999,https://music.douban.com/subject/1467230/,2408
,I Will Always Love You,9.6,Whitney Houston,WhitneyHouston|欧美|经典|电影原声|美国|Pop|感动|永远爱,1992-11-13,https://music.douban.com/subject/1790017/,1604
,Paperback Writer,9.2,The Beatles,TheBeatles|英国|beatles|Rock|❤|1966|1960s|欧美,1989-10-31,https://music.douban.com/subject/2353130/,70
,From Me to You,9.1,The Beatles,TheBeatles|英国|Rock|欧美|beatles|Single|Beatles|1960s,1991-07-09,https://music.douban.com/subject/4209299/,46
,Ticket to Ride,9.2,The Beatles,TheBeatles|英国|Rock|Beatles|Single|1960s|欧美|英格兰,1991-08-13,https://music.douban.com/subject/4209399/,65
,We Can Work It Out,9.3,The Beatles,TheBeatles|英国|Beatles|beatles|Rock|1989|1965|Single,1989-10-31,https://music.douban.com/subject/2255958/,85
,I Feel Fine,9.1,The Beatles,TheBeatles|英国|Rock|Beatles|British-Invasion|英格兰|男声|欧美,1989-05-01,https://music.douban.com/subject/3133935/,51
,Love Me Do,9.1,The Beatles,beatles|TheBeatles|英国|披头士|Rock|Single|rock|The.Beatles,1992-10-20,https://music.douban.com/subject/1768053/,221
爱情买卖,Can't Buy Me Love,8.8,The Beatles,TheBeatles|英国|Rock|beatles|Beatles|摇滚|1964|爱情买卖！,,https://music.douban.com/subject/4209396/,86
,A Hard Day's Night,9.3,The Beatles,TheBeatles|英国|Rock|Beatles|单曲|Single|1964|欧美,1989-10-31,https://music.douban.com/subject/4209395/,79
,Help!,9.1,The Beatles,TheBeatles|Rock|英国|Beatles|Single|经典|1989|单曲,1989-05-01,https://music.douban.com/subject/4209405/,110
,She Loves You,9.2,The Beatles,TheBeatles|英国|Rock|Beatles|1991|1963|欧美|Brit-Pop,1991-07-09,https://music.douban.com/subject/3865673/,101
,,,,,,,
,I Wanna Dance with Somebody (Who Loves Me),9.2,惠特尼·休斯顿 Whitney Houston,WhitneyHouston|Pop|美国|欧美|女声|1980s|Single|单曲,1987-05-28,https://music.douban.com/subject/6308411/,135
,,,,,,,
,,,,,,,
,Whitney Houston Live: Her Greatest Performances ,8.2,Whitney Houston,WhitneyHouston|R&B|Live|美国|Pop|2014|欧美|颠峰时期的大回顾,2014-11-10,https://music.douban.com/subject/26241181/,104
,,,,,,,
,Eight Days a Week,8.8,The Beatles,TheBeatles|英国|Rock|Beatles|欧美|★★★★|Single|EP,1964-12-04,https://music.douban.com/subject/5292612/,30
,Something/Come Together,9.3,The Beatles,TheBeatles|英国|欧美|Rock|JohnLennon|1991|乐团|beatles,1991-11-12,https://music.douban.com/subject/3356393/,27
,,,,,,,
,Get Back,9.1,Beatles,TheBeatles|英国|rock|beatles|Rock|欧美|美国|摇滚,1989-10-31,https://music.douban.com/subject/1888067/,120
,Lady Madonna,9.1,The Beatles,TheBeatles|英国|Rock|UK|经典|男声|欧美|单曲,1989-10-31,https://music.douban.com/subject/3806921/,50
艾比路,Abbey Road,9.8,The Beatles,TheBeatles|英国|摇滚|Beatles|1969|1960s|Rock|经典,1969-09-26,https://music.douban.com/subject/27110924/,702
,English Rose,8.6,Fleetwood Mac,Blues-Rock|British-Blues|FleetwoodMac|Blues|英国|Rock|1969|1960s,2002-12-17,https://music.douban.com/subject/1770327/,126
,In The Court Of The Crimson King,9.3,King Crimson,KingCrimson|英国|Progressive-Rock|prog-rock|艺术摇滚|Prog-Rock/ArtRock|progressive|1969,1969,https://music.douban.com/subject/1417523/,5854
永远的改变,Forever Changes,9.0,Love,Love|psychedelic|Rock|迷幻|美国|Psychedelic|1967|Folk,1967,https://music.douban.com/subject/1395483/,2027
Are You Experienced ?,Are You Experienced,9.3,The Jimi Hendrix Experience,JimiHendrix|psychedelic|rock|美国|Psychedelic|Rock|1967|blues,1967,https://music.douban.com/subject/2142489/,2446
,Five Leaves Left,9.0,Nick Drake,Folk|NickDrake|民谣|英国|Nick_Drake|indie|1969|忧郁,1969,https://music.douban.com/subject/1395480/,3470
The Who Sings My Generation,My Generation,9.0,The Who,TheWho|Rock|英国|摇滚|1965|The_Who|British-Invasion|UK,1965,https://music.douban.com/subject/1439419/,833
乞丐的盛宴,Beggars Banquet,9.1,The Rolling Stones,TheRollingStones|Rock|RollingStones|Blues-Rock|英国|摇滚|1968|Psychedelic,1968,https://music.douban.com/subject/1439416/,1692
,Undercurrent,8.9,Bill Evans|Jim Hall,Jazz|BillEvans|Bill_Evans|爵士|JimHall|Piano|美国|Jim_Hall,2002-07-16,https://music.douban.com/subject/2303659/,440
,Yellow Submarine,9.1,The Beatles,TheBeatles|英国|Rock|beatles|OST|摇滚|Beatles|rock,1969-01-13,https://music.douban.com/subject/3665406/,288
地下丝绒与妮可,The Velvet Underground & Nico,9.0,The Velvet Underground|Nico,TheVelvetUnderground|Rock|地下丝绒|摇滚|美国|经典|Nico|1967,1967-04,https://music.douban.com/subject/1986653/,26109
,Everybody Knows This Is Nowhere,8.9,尼尔 扬 Neil Young|疯马 Crazy Horse,NeilYoung|folk|Folk|1969|Folk-Rock|加拿大|民谣|Neil_Young,1969-5-14,https://music.douban.com/subject/1417261/,804
,The End of the World,9.7,Skeeter Davis,SkeeterDavis|乡村音乐|美国|Country|1962|欧美|1960s|经典,1962,https://music.douban.com/subject/4083102/,1458
,Please Please Me,9.1,The Beatles,TheBeatles|Beatles|英国|rock|摇滚|Rock|经典|1963,1963-02,https://music.douban.com/subject/1437026/,5752
,The Freewheelin' Bob Dylan,9.2,Bob Dylan,BobDylan|folk|民谣|美国|Folk|Bob_Dylan|民谣摇滚|1963,1963,https://music.douban.com/subject/1428520/,7318
让他流血,Let It Bleed,9.0,The Rolling Stones,TheRollingStones|RollingStones|Blues-Rock|英国|Rock|rock|摇滚|1969,1969,https://music.douban.com/subject/1467357/,3039
宠物之声,Pet Sounds,9.0,The Beach Boys,TheBeachBoys|Rock|美国|摇滚|1966|60'-70'|Pop|老摇滚,1966,https://music.douban.com/subject/1394631/,6106
,A Love Supreme,9.3,John Coltrane,JohnColtrane|jazz|Jazz|爵士|Free-Jazz|美国|John_Coltrane|1964,2003,https://music.douban.com/subject/1438265/,2182
,Waiting for the Sun,9.1,The Doors,TheDoors|Rock|迷幻|美国|psychedelic|摇滚|Psychedelic|大门,1968,https://music.douban.com/subject/1428570/,2263
,The Ballad of John & Yoko,8.4,The Beatles,TheBeatles|英国|Rock|单曲|Beatles|1969|1960s|男声,1969-5-30,https://music.douban.com/subject/2337469/,25
,Could I Have This Kiss Forever,8.5,Whitney Houston|Enrique Iglesias,EnriqueIglesias|WhitneyHouston|Pop|欧美|Enrique|R&B|Single|2000,2000-07-25,https://music.douban.com/subject/1441835/,177
,All At Once,9.5,惠特尼·休斯顿 Whitney Houston,WhitneyHouston|Pop|美国|欧美|R&B|1985|英语|EP,1985,https://music.douban.com/subject/10486490/,70
,higher love,7.7,Kygo|惠特尼·休斯顿 Whitney Houston,WhitneyHouston|Kygo|2019|Electronic|美国|挪威|Pop|女声,2019-06-28,https://music.douban.com/subject/34466715/,139
,Exhale (Shoop Shoop),9.0,Whitney Houston,WhitneyHouston|Pop|R&B|1995|美国|欧美|Whitney_Houston|EP,1995-11-06,https://music.douban.com/subject/1659278/,95
,Just Whitney,7.7,Whitney Houston,WhitneyHouston|R&B|欧美|美国|POP|Whitney|2002|Pop,2002-12-10,https://music.douban.com/subject/1441834/,452
